address,bytecode,function_sighashes,is_erc20,is_erc721,block_number
0xf4eced2f682ce333f96f2d8966c613ded8fc95dd,0x606060405260e060020a600035046306fdde038114610047578063313ce567146100a457806370a08231146100b057806395d89b41146100c8578063a9059cbb14610123575b005b61015260008054602060026001831615610100026000190190921691909104601f810182900490910260809081016040526060828152929190828280156101f55780601f106101ca576101008083540402835291602001916101f5565b6101c060025460ff1681565b6101c060043560036020526000908152604090205481565b610152600180546020601f6002600019610100858716150201909316929092049182018190040260809081016040526060828152929190828280156101f55780601f106101ca576101008083540402835291602001916101f5565b610045600435602435600160a060020a033316600090815260036020526040902054819010156101fd57610002565b60405180806020018281038252838181518152602001915080519060200190808383829060006004602084601f0104600302600f01f150905090810190601f1680156101b25780820380516001836020036101000a031916815260200191505b509250505060405180910390f35b6060908152602090f35b820191906000526020600020905b8154815290600101906020018083116101d857829003601f168201915b505050505081565b600160a060020a03821660009081526040902054808201101561021f57610002565b806003600050600033600160a060020a03168152602001908152602001600020600082828250540392505081905550806003600050600084600160a060020a0316815260200190815260200160002060008282825054019250508190555081600160a060020a031633600160a060020a03167fddf252ad1be2c89b69c2b068fc378daa952ba7f163c4a11628f55a4df523b3ef836040518082815260200191505060405180910390a3505056,"0x06fdde03,0x313ce567,0x70a08231,0x95d89b41,0xa9059cbb",False,False,
0xf4eced2f682ce333f96f2d8966c613ded8fc95dd,0x606060405260e060020a600035046306fdde038114610047578063313ce567146100a457806370a08231146100b057806395d89b41146100c8578063a9059cbb14610123575b005b61015260008054602060026001831615610100026000190190921691909104601f810182900490910260809081016040526060828152929190828280156101f55780601f106101ca576101008083540402835291602001916101f5565b6101c060025460ff1681565b6101c060043560036020526000908152604090205481565b610152600180546020601f6002600019610100858716150201909316929092049182018190040260809081016040526060828152929190828280156101f55780601f106101ca576101008083540402835291602001916101f5565b610045600435602435600160a060020a033316600090815260036020526040902054819010156101fd57610002565b60405180806020018281038252838181518152602001915080519060200190808383829060006004602084601f0104600302600f01f150905090810190601f1680156101b25780820380516001836020036101000a031916815260200191505b509250505060405180910390f35b6060908152602090f35b820191906000526020600020905b8154815290600101906020018083116101d857829003601f168201915b505050505081565b600160a060020a03821660009081526040902054808201101561021f57610002565b806003600050600033600160a060020a03168152602001908152602001600020600082828250540392505081905550806003600050600084600160a060020a0316815260200190815260200160002060008282825054019250508190555081600160a060020a031633600160a060020a03167fddf252ad1be2c89b69c2b068fc378daa952ba7f163c4a11628f55a4df523b3ef836040518082815260200191505060405180910390a3505056,"0x06fdde03,0x313ce567,0x70a08231,0x95d89b41,0xa9059cbb",False,False,
0xf4eced2f682ce333f96f2d8966c613ded8fc95dd,0x606060405260e060020a600035046306fdde038114610047578063313ce567146100a457806370a08231146100b057806395d89b41146100c8578063a9059cbb14610123575b005b61015260008054602060026001831615610100026000190190921691909104601f810182900490910260809081016040526060828152929190828280156101f55780601f106101ca576101008083540402835291602001916101f5565b6101c060025460ff1681565b6101c060043560036020526000908152604090205481565b610152600180546020601f6002600019610100858716150201909316929092049182018190040260809081016040526060828152929190828280156101f55780601f106101ca576101008083540402835291602001916101f5565b610045600435602435600160a060020a033316600090815260036020526040902054819010156101fd57610002565b60405180806020018281038252838181518152602001915080519060200190808383829060006004602084601f0104600302600f01f150905090810190601f1680156101b25780820380516001836020036101000a031916815260200191505b509250505060405180910390f35b6060908152602090f35b820191906000526020600020905b8154815290600101906020018083116101d857829003601f168201915b505050505081565b600160a060020a03821660009081526040902054808201101561021f57610002565b806003600050600033600160a060020a03168152602001908152602001600020600082828250540392505081905550806003600050600084600160a060020a0316815260200190815260200160002060008282825054019250508190555081600160a060020a031633600160a060020a03167fddf252ad1be2c89b69c2b068fc378daa952ba7f163c4a11628f55a4df523b3ef836040518082815260200191505060405180910390a3505056,"0x06fdde03,0x313ce567,0x70a08231,0x95d89b41,0xa9059cbb",False,False,
0xf4eced2f682ce333f96f2d8966c613ded8fc95dd,0x606060405260e060020a600035046306fdde038114610047578063313ce567146100a457806370a08231146100b057806395d89b41146100c8578063a9059cbb14610123575b005b61015260008054602060026001831615610100026000190190921691909104601f810182900490910260809081016040526060828152929190828280156101f55780601f106101ca576101008083540402835291602001916101f5565b6101c060025460ff1681565b6101c060043560036020526000908152604090205481565b610152600180546020601f6002600019610100858716150201909316929092049182018190040260809081016040526060828152929190828280156101f55780601f106101ca576101008083540402835291602001916101f5565b610045600435602435600160a060020a033316600090815260036020526040902054819010156101fd57610002565b60405180806020018281038252838181518152602001915080519060200190808383829060006004602084601f0104600302600f01f150905090810190601f1680156101b25780820380516001836020036101000a031916815260200191505b509250505060405180910390f35b6060908152602090f35b820191906000526020600020905b8154815290600101906020018083116101d857829003601f168201915b505050505081565b600160a060020a03821660009081526040902054808201101561021f57610002565b806003600050600033600160a060020a03168152602001908152602001600020600082828250540392505081905550806003600050600084600160a060020a0316815260200190815260200160002060008282825054019250508190555081600160a060020a031633600160a060020a03167fddf252ad1be2c89b69c2b068fc378daa952ba7f163c4a11628f55a4df523b3ef836040518082815260200191505060405180910390a3505056,"0x06fdde03,0x313ce567,0x70a08231,0x95d89b41,0xa9059cbb",False,False,
0xf4eced2f682ce333f96f2d8966c613ded8fc95dd,0x606060405260e060020a600035046306fdde038114610047578063313ce567146100a457806370a08231146100b057806395d89b41146100c8578063a9059cbb14610123575b005b61015260008054602060026001831615610100026000190190921691909104601f810182900490910260809081016040526060828152929190828280156101f55780601f106101ca576101008083540402835291602001916101f5565b6101c060025460ff1681565b6101c060043560036020526000908152604090205481565b610152600180546020601f6002600019610100858716150201909316929092049182018190040260809081016040526060828152929190828280156101f55780601f106101ca576101008083540402835291602001916101f5565b610045600435602435600160a060020a033316600090815260036020526040902054819010156101fd57610002565b60405180806020018281038252838181518152602001915080519060200190808383829060006004602084601f0104600302600f01f150905090810190601f1680156101b25780820380516001836020036101000a031916815260200191505b509250505060405180910390f35b6060908152602090f35b820191906000526020600020905b8154815290600101906020018083116101d857829003601f168201915b505050505081565b600160a060020a03821660009081526040902054808201101561021f57610002565b806003600050600033600160a060020a03168152602001908152602001600020600082828250540392505081905550806003600050600084600160a060020a0316815260200190815260200160002060008282825054019250508190555081600160a060020a031633600160a060020a03167fddf252ad1be2c89b69c2b068fc378daa952ba7f163c4a11628f55a4df523b3ef836040518082815260200191505060405180910390a3505056,"0x06fdde03,0x313ce567,0x70a08231,0x95d89b41,0xa9059cbb",False,False,
0xf4eced2f682ce333f96f2d8966c613ded8fc95dd,0x606060405260e060020a600035046306fdde038114610047578063313ce567146100a457806370a08231146100b057806395d89b41146100c8578063a9059cbb14610123575b005b61015260008054602060026001831615610100026000190190921691909104601f810182900490910260809081016040526060828152929190828280156101f55780601f106101ca576101008083540402835291602001916101f5565b6101c060025460ff1681565b6101c060043560036020526000908152604090205481565b610152600180546020601f6002600019610100858716150201909316929092049182018190040260809081016040526060828152929190828280156101f55780601f106101ca576101008083540402835291602001916101f5565b610045600435602435600160a060020a033316600090815260036020526040902054819010156101fd57610002565b60405180806020018281038252838181518152602001915080519060200190808383829060006004602084601f0104600302600f01f150905090810190601f1680156101b25780820380516001836020036101000a031916815260200191505b509250505060405180910390f35b6060908152602090f35b820191906000526020600020905b8154815290600101906020018083116101d857829003601f168201915b505050505081565b600160a060020a03821660009081526040902054808201101561021f57610002565b806003600050600033600160a060020a03168152602001908152602001600020600082828250540392505081905550806003600050600084600160a060020a0316815260200190815260200160002060008282825054019250508190555081600160a060020a031633600160a060020a03167fddf252ad1be2c89b69c2b068fc378daa952ba7f163c4a11628f55a4df523b3ef836040518082815260200191505060405180910390a3505056,"0x06fdde03,0x313ce567,0x70a08231,0x95d89b41,0xa9059cbb",False,False,
0xf4eced2f682ce333f96f2d8966c613ded8fc95dd,0x606060405260e060020a600035046306fdde038114610047578063313ce567146100a457806370a08231146100b057806395d89b41146100c8578063a9059cbb14610123575b005b61015260008054602060026001831615610100026000190190921691909104601f810182900490910260809081016040526060828152929190828280156101f55780601f106101ca576101008083540402835291602001916101f5565b6101c060025460ff1681565b6101c060043560036020526000908152604090205481565b610152600180546020601f6002600019610100858716150201909316929092049182018190040260809081016040526060828152929190828280156101f55780601f106101ca576101008083540402835291602001916101f5565b610045600435602435600160a060020a033316600090815260036020526040902054819010156101fd57610002565b60405180806020018281038252838181518152602001915080519060200190808383829060006004602084601f0104600302600f01f150905090810190601f1680156101b25780820380516001836020036101000a031916815260200191505b509250505060405180910390f35b6060908152602090f35b820191906000526020600020905b8154815290600101906020018083116101d857829003601f168201915b505050505081565b600160a060020a03821660009081526040902054808201101561021f57610002565b806003600050600033600160a060020a03168152602001908152602001600020600082828250540392505081905550806003600050600084600160a060020a0316815260200190815260200160002060008282825054019250508190555081600160a060020a031633600160a060020a03167fddf252ad1be2c89b69c2b068fc378daa952ba7f163c4a11628f55a4df523b3ef836040518082815260200191505060405180910390a3505056,"0x06fdde03,0x313ce567,0x70a08231,0x95d89b41,0xa9059cbb",False,False,
0xf4eced2f682ce333f96f2d8966c613ded8fc95dd,0x606060405260e060020a600035046306fdde038114610047578063313ce567146100a457806370a08231146100b057806395d89b41146100c8578063a9059cbb14610123575b005b61015260008054602060026001831615610100026000190190921691909104601f810182900490910260809081016040526060828152929190828280156101f55780601f106101ca576101008083540402835291602001916101f5565b6101c060025460ff1681565b6101c060043560036020526000908152604090205481565b610152600180546020601f6002600019610100858716150201909316929092049182018190040260809081016040526060828152929190828280156101f55780601f106101ca576101008083540402835291602001916101f5565b610045600435602435600160a060020a033316600090815260036020526040902054819010156101fd57610002565b60405180806020018281038252838181518152602001915080519060200190808383829060006004602084601f0104600302600f01f150905090810190601f1680156101b25780820380516001836020036101000a031916815260200191505b509250505060405180910390f35b6060908152602090f35b820191906000526020600020905b8154815290600101906020018083116101d857829003601f168201915b505050505081565b600160a060020a03821660009081526040902054808201101561021f57610002565b806003600050600033600160a060020a03168152602001908152602001600020600082828250540392505081905550806003600050600084600160a060020a0316815260200190815260200160002060008282825054019250508190555081600160a060020a031633600160a060020a03167fddf252ad1be2c89b69c2b068fc378daa952ba7f163c4a11628f55a4df523b3ef836040518082815260200191505060405180910390a3505056,"0x06fdde03,0x313ce567,0x70a08231,0x95d89b41,0xa9059cbb",False,False,
0xf4eced2f682ce333f96f2d8966c613ded8fc95dd,0x606060405260e060020a600035046306fdde038114610047578063313ce567146100a457806370a08231146100b057806395d89b41146100c8578063a9059cbb14610123575b005b61015260008054602060026001831615610100026000190190921691909104601f810182900490910260809081016040526060828152929190828280156101f55780601f106101ca576101008083540402835291602001916101f5565b6101c060025460ff1681565b6101c060043560036020526000908152604090205481565b610152600180546020601f6002600019610100858716150201909316929092049182018190040260809081016040526060828152929190828280156101f55780601f106101ca576101008083540402835291602001916101f5565b610045600435602435600160a060020a033316600090815260036020526040902054819010156101fd57610002565b60405180806020018281038252838181518152602001915080519060200190808383829060006004602084601f0104600302600f01f150905090810190601f1680156101b25780820380516001836020036101000a031916815260200191505b509250505060405180910390f35b6060908152602090f35b820191906000526020600020905b8154815290600101906020018083116101d857829003601f168201915b505050505081565b600160a060020a03821660009081526040902054808201101561021f57610002565b806003600050600033600160a060020a03168152602001908152602001600020600082828250540392505081905550806003600050600084600160a060020a0316815260200190815260200160002060008282825054019250508190555081600160a060020a031633600160a060020a03167fddf252ad1be2c89b69c2b068fc378daa952ba7f163c4a11628f55a4df523b3ef836040518082815260200191505060405180910390a3505056,"0x06fdde03,0x313ce567,0x70a08231,0x95d89b41,0xa9059cbb",False,False,
0xf4eced2f682ce333f96f2d8966c613ded8fc95dd,0x606060405260e060020a600035046306fdde038114610047578063313ce567146100a457806370a08231146100b057806395d89b41146100c8578063a9059cbb14610123575b005b61015260008054602060026001831615610100026000190190921691909104601f810182900490910260809081016040526060828152929190828280156101f55780601f106101ca576101008083540402835291602001916101f5565b6101c060025460ff1681565b6101c060043560036020526000908152604090205481565b610152600180546020601f6002600019610100858716150201909316929092049182018190040260809081016040526060828152929190828280156101f55780601f106101ca576101008083540402835291602001916101f5565b610045600435602435600160a060020a033316600090815260036020526040902054819010156101fd57610002565b60405180806020018281038252838181518152602001915080519060200190808383829060006004602084601f0104600302600f01f150905090810190601f1680156101b25780820380516001836020036101000a031916815260200191505b509250505060405180910390f35b6060908152602090f35b820191906000526020600020905b8154815290600101906020018083116101d857829003601f168201915b505050505081565b600160a060020a03821660009081526040902054808201101561021f57610002565b806003600050600033600160a060020a03168152602001908152602001600020600082828250540392505081905550806003600050600084600160a060020a0316815260200190815260200160002060008282825054019250508190555081600160a060020a031633600160a060020a03167fddf252ad1be2c89b69c2b068fc378daa952ba7f163c4a11628f55a4df523b3ef836040518082815260200191505060405180910390a3505056,"0x06fdde03,0x313ce567,0x70a08231,0x95d89b41,0xa9059cbb",False,False,
0xf4eced2f682ce333f96f2d8966c613ded8fc95dd,0x606060405260e060020a600035046306fdde038114610047578063313ce567146100a457806370a08231146100b057806395d89b41146100c8578063a9059cbb14610123575b005b61015260008054602060026001831615610100026000190190921691909104601f810182900490910260809081016040526060828152929190828280156101f55780601f106101ca576101008083540402835291602001916101f5565b6101c060025460ff1681565b6101c060043560036020526000908152604090205481565b610152600180546020601f6002600019610100858716150201909316929092049182018190040260809081016040526060828152929190828280156101f55780601f106101ca576101008083540402835291602001916101f5565b610045600435602435600160a060020a033316600090815260036020526040902054819010156101fd57610002565b60405180806020018281038252838181518152602001915080519060200190808383829060006004602084601f0104600302600f01f150905090810190601f1680156101b25780820380516001836020036101000a031916815260200191505b509250505060405180910390f35b6060908152602090f35b820191906000526020600020905b8154815290600101906020018083116101d857829003601f168201915b505050505081565b600160a060020a03821660009081526040902054808201101561021f57610002565b806003600050600033600160a060020a03168152602001908152602001600020600082828250540392505081905550806003600050600084600160a060020a0316815260200190815260200160002060008282825054019250508190555081600160a060020a031633600160a060020a03167fddf252ad1be2c89b69c2b068fc378daa952ba7f163c4a11628f55a4df523b3ef836040518082815260200191505060405180910390a3505056,"0x06fdde03,0x313ce567,0x70a08231,0x95d89b41,0xa9059cbb",False,False,
0xf4eced2f682ce333f96f2d8966c613ded8fc95dd,0x606060405260e060020a600035046306fdde038114610047578063313ce567146100a457806370a08231146100b057806395d89b41146100c8578063a9059cbb14610123575b005b61015260008054602060026001831615610100026000190190921691909104601f810182900490910260809081016040526060828152929190828280156101f55780601f106101ca576101008083540402835291602001916101f5565b6101c060025460ff1681565b6101c060043560036020526000908152604090205481565b610152600180546020601f6002600019610100858716150201909316929092049182018190040260809081016040526060828152929190828280156101f55780601f106101ca576101008083540402835291602001916101f5565b610045600435602435600160a060020a033316600090815260036020526040902054819010156101fd57610002565b60405180806020018281038252838181518152602001915080519060200190808383829060006004602084601f0104600302600f01f150905090810190601f1680156101b25780820380516001836020036101000a031916815260200191505b509250505060405180910390f35b6060908152602090f35b820191906000526020600020905b8154815290600101906020018083116101d857829003601f168201915b505050505081565b600160a060020a03821660009081526040902054808201101561021f57610002565b806003600050600033600160a060020a03168152602001908152602001600020600082828250540392505081905550806003600050600084600160a060020a0316815260200190815260200160002060008282825054019250508190555081600160a060020a031633600160a060020a03167fddf252ad1be2c89b69c2b068fc378daa952ba7f163c4a11628f55a4df523b3ef836040518082815260200191505060405180910390a3505056,"0x06fdde03,0x313ce567,0x70a08231,0x95d89b41,0xa9059cbb",False,False,
0xf4eced2f682ce333f96f2d8966c613ded8fc95dd,0x606060405260e060020a600035046306fdde038114610047578063313ce567146100a457806370a08231146100b057806395d89b41146100c8578063a9059cbb14610123575b005b61015260008054602060026001831615610100026000190190921691909104601f810182900490910260809081016040526060828152929190828280156101f55780601f106101ca576101008083540402835291602001916101f5565b6101c060025460ff1681565b6101c060043560036020526000908152604090205481565b610152600180546020601f6002600019610100858716150201909316929092049182018190040260809081016040526060828152929190828280156101f55780601f106101ca576101008083540402835291602001916101f5565b610045600435602435600160a060020a033316600090815260036020526040902054819010156101fd57610002565b60405180806020018281038252838181518152602001915080519060200190808383829060006004602084601f0104600302600f01f150905090810190601f1680156101b25780820380516001836020036101000a031916815260200191505b509250505060405180910390f35b6060908152602090f35b820191906000526020600020905b8154815290600101906020018083116101d857829003601f168201915b505050505081565b600160a060020a03821660009081526040902054808201101561021f57610002565b806003600050600033600160a060020a03168152602001908152602001600020600082828250540392505081905550806003600050600084600160a060020a0316815260200190815260200160002060008282825054019250508190555081600160a060020a031633600160a060020a03167fddf252ad1be2c89b69c2b068fc378daa952ba7f163c4a11628f55a4df523b3ef836040518082815260200191505060405180910390a3505056,"0x06fdde03,0x313ce567,0x70a08231,0x95d89b41,0xa9059cbb",False,False,
0xf4eced2f682ce333f96f2d8966c613ded8fc95dd,0x606060405260e060020a600035046306fdde038114610047578063313ce567146100a457806370a08231146100b057806395d89b41146100c8578063a9059cbb14610123575b005b61015260008054602060026001831615610100026000190190921691909104601f810182900490910260809081016040526060828152929190828280156101f55780601f106101ca576101008083540402835291602001916101f5565b6101c060025460ff1681565b6101c060043560036020526000908152604090205481565b610152600180546020601f6002600019610100858716150201909316929092049182018190040260809081016040526060828152929190828280156101f55780601f106101ca576101008083540402835291602001916101f5565b610045600435602435600160a060020a033316600090815260036020526040902054819010156101fd57610002565b60405180806020018281038252838181518152602001915080519060200190808383829060006004602084601f0104600302600f01f150905090810190601f1680156101b25780820380516001836020036101000a031916815260200191505b509250505060405180910390f35b6060908152602090f35b820191906000526020600020905b8154815290600101906020018083116101d857829003601f168201915b505050505081565b600160a060020a03821660009081526040902054808201101561021f57610002565b806003600050600033600160a060020a03168152602001908152602001600020600082828250540392505081905550806003600050600084600160a060020a0316815260200190815260200160002060008282825054019250508190555081600160a060020a031633600160a060020a03167fddf252ad1be2c89b69c2b068fc378daa952ba7f163c4a11628f55a4df523b3ef836040518082815260200191505060405180910390a3505056,"0x06fdde03,0x313ce567,0x70a08231,0x95d89b41,0xa9059cbb",False,False,
0xf4eced2f682ce333f96f2d8966c613ded8fc95dd,0x606060405260e060020a600035046306fdde038114610047578063313ce567146100a457806370a08231146100b057806395d89b41146100c8578063a9059cbb14610123575b005b61015260008054602060026001831615610100026000190190921691909104601f810182900490910260809081016040526060828152929190828280156101f55780601f106101ca576101008083540402835291602001916101f5565b6101c060025460ff1681565b6101c060043560036020526000908152604090205481565b610152600180546020601f6002600019610100858716150201909316929092049182018190040260809081016040526060828152929190828280156101f55780601f106101ca576101008083540402835291602001916101f5565b610045600435602435600160a060020a033316600090815260036020526040902054819010156101fd57610002565b60405180806020018281038252838181518152602001915080519060200190808383829060006004602084601f0104600302600f01f150905090810190601f1680156101b25780820380516001836020036101000a031916815260200191505b509250505060405180910390f35b6060908152602090f35b820191906000526020600020905b8154815290600101906020018083116101d857829003601f168201915b505050505081565b600160a060020a03821660009081526040902054808201101561021f57610002565b806003600050600033600160a060020a03168152602001908152602001600020600082828250540392505081905550806003600050600084600160a060020a0316815260200190815260200160002060008282825054019250508190555081600160a060020a031633600160a060020a03167fddf252ad1be2c89b69c2b068fc378daa952ba7f163c4a11628f55a4df523b3ef836040518082815260200191505060405180910390a3505056,"0x06fdde03,0x313ce567,0x70a08231,0x95d89b41,0xa9059cbb",False,False,
0xf4eced2f682ce333f96f2d8966c613ded8fc95dd,0x606060405260e060020a600035046306fdde038114610047578063313ce567146100a457806370a08231146100b057806395d89b41146100c8578063a9059cbb14610123575b005b61015260008054602060026001831615610100026000190190921691909104601f810182900490910260809081016040526060828152929190828280156101f55780601f106101ca576101008083540402835291602001916101f5565b6101c060025460ff1681565b6101c060043560036020526000908152604090205481565b610152600180546020601f6002600019610100858716150201909316929092049182018190040260809081016040526060828152929190828280156101f55780601f106101ca576101008083540402835291602001916101f5565b610045600435602435600160a060020a033316600090815260036020526040902054819010156101fd57610002565b60405180806020018281038252838181518152602001915080519060200190808383829060006004602084601f0104600302600f01f150905090810190601f1680156101b25780820380516001836020036101000a031916815260200191505b509250505060405180910390f35b6060908152602090f35b820191906000526020600020905b8154815290600101906020018083116101d857829003601f168201915b505050505081565b600160a060020a03821660009081526040902054808201101561021f57610002565b806003600050600033600160a060020a03168152602001908152602001600020600082828250540392505081905550806003600050600084600160a060020a0316815260200190815260200160002060008282825054019250508190555081600160a060020a031633600160a060020a03167fddf252ad1be2c89b69c2b068fc378daa952ba7f163c4a11628f55a4df523b3ef836040518082815260200191505060405180910390a3505056,"0x06fdde03,0x313ce567,0x70a08231,0x95d89b41,0xa9059cbb",False,False,
0xf4eced2f682ce333f96f2d8966c613ded8fc95dd,0x606060405260e060020a600035046306fdde038114610047578063313ce567146100a457806370a08231146100b057806395d89b41146100c8578063a9059cbb14610123575b005b61015260008054602060026001831615610100026000190190921691909104601f810182900490910260809081016040526060828152929190828280156101f55780601f106101ca576101008083540402835291602001916101f5565b6101c060025460ff1681565b6101c060043560036020526000908152604090205481565b610152600180546020601f6002600019610100858716150201909316929092049182018190040260809081016040526060828152929190828280156101f55780601f106101ca576101008083540402835291602001916101f5565b610045600435602435600160a060020a033316600090815260036020526040902054819010156101fd57610002565b60405180806020018281038252838181518152602001915080519060200190808383829060006004602084601f0104600302600f01f150905090810190601f1680156101b25780820380516001836020036101000a031916815260200191505b509250505060405180910390f35b6060908152602090f35b820191906000526020600020905b8154815290600101906020018083116101d857829003601f168201915b505050505081565b600160a060020a03821660009081526040902054808201101561021f57610002565b806003600050600033600160a060020a03168152602001908152602001600020600082828250540392505081905550806003600050600084600160a060020a0316815260200190815260200160002060008282825054019250508190555081600160a060020a031633600160a060020a03167fddf252ad1be2c89b69c2b068fc378daa952ba7f163c4a11628f55a4df523b3ef836040518082815260200191505060405180910390a3505056,"0x06fdde03,0x313ce567,0x70a08231,0x95d89b41,0xa9059cbb",False,False,
0x1130547436810db920fa73681c946fea15e9b758,0x606060405260e060020a600035046306fdde038114610047578063313ce567146100a457806370a08231146100b057806395d89b41146100c8578063a9059cbb14610123575b005b61015f60008054602060026001831615610100026000190190921691909104601f810182900490910260809081016040526060828152929190828280156102025780601f106101d757610100808354040283529160200191610202565b6101cd60025460ff1681565b6101cd60043560036020526000908152604090205481565b61015f600180546020601f6002600019610100858716150201909316929092049182018190040260809081016040526060828152929190828280156102025780601f106101d757610100808354040283529160200191610202565b6101cd60043560243573ffffffffffffffffffffffffffffffffffffffff33166000908152600360205260408120548290101561020a57610002565b60405180806020018281038252838181518152602001915080519060200190808383829060006004602084601f0104600302600f01f150905090810190601f1680156101bf5780820380516001836020036101000a031916815260200191505b509250505060405180910390f35b6060908152602090f35b820191906000526020600020905b8154815290600101906020018083116101e557829003601f168201915b505050505081565b60408082208054849003905573ffffffffffffffffffffffffffffffffffffffff808516808452918320805485019055606084815233909116907fddf252ad1be2c89b69c2b068fc378daa952ba7f163c4a11628f55a4df523b3ef90602090a39291505056,"0x06fdde03,0x313ce567,0x70a08231,0x95d89b41,0xa9059cbb",False,False,
0x1130547436810db920fa73681c946fea15e9b758,0x606060405260e060020a600035046306fdde038114610047578063313ce567146100a457806370a08231146100b057806395d89b41146100c8578063a9059cbb14610123575b005b61015f60008054602060026001831615610100026000190190921691909104601f810182900490910260809081016040526060828152929190828280156102025780601f106101d757610100808354040283529160200191610202565b6101cd60025460ff1681565b6101cd60043560036020526000908152604090205481565b61015f600180546020601f6002600019610100858716150201909316929092049182018190040260809081016040526060828152929190828280156102025780601f106101d757610100808354040283529160200191610202565b6101cd60043560243573ffffffffffffffffffffffffffffffffffffffff33166000908152600360205260408120548290101561020a57610002565b60405180806020018281038252838181518152602001915080519060200190808383829060006004602084601f0104600302600f01f150905090810190601f1680156101bf5780820380516001836020036101000a031916815260200191505b509250505060405180910390f35b6060908152602090f35b820191906000526020600020905b8154815290600101906020018083116101e557829003601f168201915b505050505081565b60408082208054849003905573ffffffffffffffffffffffffffffffffffffffff808516808452918320805485019055606084815233909116907fddf252ad1be2c89b69c2b068fc378daa952ba7f163c4a11628f55a4df523b3ef90602090a39291505056,"0x06fdde03,0x313ce567,0x70a08231,0x95d89b41,0xa9059cbb",False,False,
0x1130547436810db920fa73681c946fea15e9b758,0x606060405260e060020a600035046306fdde038114610047578063313ce567146100a457806370a08231146100b057806395d89b41146100c8578063a9059cbb14610123575b005b61015f60008054602060026001831615610100026000190190921691909104601f810182900490910260809081016040526060828152929190828280156102025780601f106101d757610100808354040283529160200191610202565b6101cd60025460ff1681565b6101cd60043560036020526000908152604090205481565b61015f600180546020601f6002600019610100858716150201909316929092049182018190040260809081016040526060828152929190828280156102025780601f106101d757610100808354040283529160200191610202565b6101cd60043560243573ffffffffffffffffffffffffffffffffffffffff33166000908152600360205260408120548290101561020a57610002565b60405180806020018281038252838181518152602001915080519060200190808383829060006004602084601f0104600302600f01f150905090810190601f1680156101bf5780820380516001836020036101000a031916815260200191505b509250505060405180910390f35b6060908152602090f35b820191906000526020600020905b8154815290600101906020018083116101e557829003601f168201915b505050505081565b60408082208054849003905573ffffffffffffffffffffffffffffffffffffffff808516808452918320805485019055606084815233909116907fddf252ad1be2c89b69c2b068fc378daa952ba7f163c4a11628f55a4df523b3ef90602090a39291505056,"0x06fdde03,0x313ce567,0x70a08231,0x95d89b41,0xa9059cbb",False,False,
0x1130547436810db920fa73681c946fea15e9b758,0x606060405260e060020a600035046306fdde038114610047578063313ce567146100a457806370a08231146100b057806395d89b41146100c8578063a9059cbb14610123575b005b61015f60008054602060026001831615610100026000190190921691909104601f810182900490910260809081016040526060828152929190828280156102025780601f106101d757610100808354040283529160200191610202565b6101cd60025460ff1681565b6101cd60043560036020526000908152604090205481565b61015f600180546020601f6002600019610100858716150201909316929092049182018190040260809081016040526060828152929190828280156102025780601f106101d757610100808354040283529160200191610202565b6101cd60043560243573ffffffffffffffffffffffffffffffffffffffff33166000908152600360205260408120548290101561020a57610002565b60405180806020018281038252838181518152602001915080519060200190808383829060006004602084601f0104600302600f01f150905090810190601f1680156101bf5780820380516001836020036101000a031916815260200191505b509250505060405180910390f35b6060908152602090f35b820191906000526020600020905b8154815290600101906020018083116101e557829003601f168201915b505050505081565b60408082208054849003905573ffffffffffffffffffffffffffffffffffffffff808516808452918320805485019055606084815233909116907fddf252ad1be2c89b69c2b068fc378daa952ba7f163c4a11628f55a4df523b3ef90602090a39291505056,"0x06fdde03,0x313ce567,0x70a08231,0x95d89b41,0xa9059cbb",False,False,
0x1130547436810db920fa73681c946fea15e9b758,0x606060405260e060020a600035046306fdde038114610047578063313ce567146100a457806370a08231146100b057806395d89b41146100c8578063a9059cbb14610123575b005b61015f60008054602060026001831615610100026000190190921691909104601f810182900490910260809081016040526060828152929190828280156102025780601f106101d757610100808354040283529160200191610202565b6101cd60025460ff1681565b6101cd60043560036020526000908152604090205481565b61015f600180546020601f6002600019610100858716150201909316929092049182018190040260809081016040526060828152929190828280156102025780601f106101d757610100808354040283529160200191610202565b6101cd60043560243573ffffffffffffffffffffffffffffffffffffffff33166000908152600360205260408120548290101561020a57610002565b60405180806020018281038252838181518152602001915080519060200190808383829060006004602084601f0104600302600f01f150905090810190601f1680156101bf5780820380516001836020036101000a031916815260200191505b509250505060405180910390f35b6060908152602090f35b820191906000526020600020905b8154815290600101906020018083116101e557829003601f168201915b505050505081565b60408082208054849003905573ffffffffffffffffffffffffffffffffffffffff808516808452918320805485019055606084815233909116907fddf252ad1be2c89b69c2b068fc378daa952ba7f163c4a11628f55a4df523b3ef90602090a39291505056,"0x06fdde03,0x313ce567,0x70a08231,0x95d89b41,0xa9059cbb",False,False,
0x1130547436810db920fa73681c946fea15e9b758,0x606060405260e060020a600035046306fdde038114610047578063313ce567146100a457806370a08231146100b057806395d89b41146100c8578063a9059cbb14610123575b005b61015f60008054602060026001831615610100026000190190921691909104601f810182900490910260809081016040526060828152929190828280156102025780601f106101d757610100808354040283529160200191610202565b6101cd60025460ff1681565b6101cd60043560036020526000908152604090205481565b61015f600180546020601f6002600019610100858716150201909316929092049182018190040260809081016040526060828152929190828280156102025780601f106101d757610100808354040283529160200191610202565b6101cd60043560243573ffffffffffffffffffffffffffffffffffffffff33166000908152600360205260408120548290101561020a57610002565b60405180806020018281038252838181518152602001915080519060200190808383829060006004602084601f0104600302600f01f150905090810190601f1680156101bf5780820380516001836020036101000a031916815260200191505b509250505060405180910390f35b6060908152602090f35b820191906000526020600020905b8154815290600101906020018083116101e557829003601f168201915b505050505081565b60408082208054849003905573ffffffffffffffffffffffffffffffffffffffff808516808452918320805485019055606084815233909116907fddf252ad1be2c89b69c2b068fc378daa952ba7f163c4a11628f55a4df523b3ef90602090a39291505056,"0x06fdde03,0x313ce567,0x70a08231,0x95d89b41,0xa9059cbb",False,False,
0x1130547436810db920fa73681c946fea15e9b758,0x606060405260e060020a600035046306fdde038114610047578063313ce567146100a457806370a08231146100b057806395d89b41146100c8578063a9059cbb14610123575b005b61015f60008054602060026001831615610100026000190190921691909104601f810182900490910260809081016040526060828152929190828280156102025780601f106101d757610100808354040283529160200191610202565b6101cd60025460ff1681565b6101cd60043560036020526000908152604090205481565b61015f600180546020601f6002600019610100858716150201909316929092049182018190040260809081016040526060828152929190828280156102025780601f106101d757610100808354040283529160200191610202565b6101cd60043560243573ffffffffffffffffffffffffffffffffffffffff33166000908152600360205260408120548290101561020a57610002565b60405180806020018281038252838181518152602001915080519060200190808383829060006004602084601f0104600302600f01f150905090810190601f1680156101bf5780820380516001836020036101000a031916815260200191505b509250505060405180910390f35b6060908152602090f35b820191906000526020600020905b8154815290600101906020018083116101e557829003601f168201915b505050505081565b60408082208054849003905573ffffffffffffffffffffffffffffffffffffffff808516808452918320805485019055606084815233909116907fddf252ad1be2c89b69c2b068fc378daa952ba7f163c4a11628f55a4df523b3ef90602090a39291505056,"0x06fdde03,0x313ce567,0x70a08231,0x95d89b41,0xa9059cbb",False,False,
0x1130547436810db920fa73681c946fea15e9b758,0x606060405260e060020a600035046306fdde038114610047578063313ce567146100a457806370a08231146100b057806395d89b41146100c8578063a9059cbb14610123575b005b61015f60008054602060026001831615610100026000190190921691909104601f810182900490910260809081016040526060828152929190828280156102025780601f106101d757610100808354040283529160200191610202565b6101cd60025460ff1681565b6101cd60043560036020526000908152604090205481565b61015f600180546020601f6002600019610100858716150201909316929092049182018190040260809081016040526060828152929190828280156102025780601f106101d757610100808354040283529160200191610202565b6101cd60043560243573ffffffffffffffffffffffffffffffffffffffff33166000908152600360205260408120548290101561020a57610002565b60405180806020018281038252838181518152602001915080519060200190808383829060006004602084601f0104600302600f01f150905090810190601f1680156101bf5780820380516001836020036101000a031916815260200191505b509250505060405180910390f35b6060908152602090f35b820191906000526020600020905b8154815290600101906020018083116101e557829003601f168201915b505050505081565b60408082208054849003905573ffffffffffffffffffffffffffffffffffffffff808516808452918320805485019055606084815233909116907fddf252ad1be2c89b69c2b068fc378daa952ba7f163c4a11628f55a4df523b3ef90602090a39291505056,"0x06fdde03,0x313ce567,0x70a08231,0x95d89b41,0xa9059cbb",False,False,
0xdafe447177aefb05dd7edae2f5781c98a858d320,0x606060405260e060020a600035046306fdde038114610047578063313ce567146100a457806370a08231146100b057806395d89b41146100c8578063a9059cbb14610123575b005b61015f60008054602060026001831615610100026000190190921691909104601f810182900490910260809081016040526060828152929190828280156102025780601f106101d757610100808354040283529160200191610202565b6101cd60025460ff1681565b6101cd60043560036020526000908152604090205481565b61015f600180546020601f6002600019610100858716150201909316929092049182018190040260809081016040526060828152929190828280156102025780601f106101d757610100808354040283529160200191610202565b6101cd60043560243573ffffffffffffffffffffffffffffffffffffffff33166000908152600360205260408120548290101561020a57610002565b60405180806020018281038252838181518152602001915080519060200190808383829060006004602084601f0104600302600f01f150905090810190601f1680156101bf5780820380516001836020036101000a031916815260200191505b509250505060405180910390f35b6060908152602090f35b820191906000526020600020905b8154815290600101906020018083116101e557829003601f168201915b505050505081565b60408082208054849003905573ffffffffffffffffffffffffffffffffffffffff808516808452918320805485019055606084815233909116907fddf252ad1be2c89b69c2b068fc378daa952ba7f163c4a11628f55a4df523b3ef90602090a39291505056,"0x06fdde03,0x313ce567,0x70a08231,0x95d89b41,0xa9059cbb",False,False,
0xab3652fd492fbb0d6b63acb742f3ed12afbaef52,0x606060405260e060020a600035046306fdde038114610047578063313ce567146100a457806370a08231146100b057806395d89b41146100c8578063a9059cbb14610123575b005b61015260008054602060026001831615610100026000190190921691909104601f810182900490910260809081016040526060828152929190828280156101f55780601f106101ca576101008083540402835291602001916101f5565b6101c060025460ff1681565b6101c060043560036020526000908152604090205481565b610152600180546020601f6002600019610100858716150201909316929092049182018190040260809081016040526060828152929190828280156101f55780601f106101ca576101008083540402835291602001916101f5565b610045600435602435600160a060020a033316600090815260036020526040902054819010156101fd57610002565b60405180806020018281038252838181518152602001915080519060200190808383829060006004602084601f0104600302600f01f150905090810190601f1680156101b25780820380516001836020036101000a031916815260200191505b509250505060405180910390f35b6060908152602090f35b820191906000526020600020905b8154815290600101906020018083116101d857829003601f168201915b505050505081565b600160a060020a03821660009081526040902054808201101561021f57610002565b806003600050600033600160a060020a03168152602001908152602001600020600082828250540392505081905550806003600050600084600160a060020a0316815260200190815260200160002060008282825054019250508190555081600160a060020a031633600160a060020a03167fddf252ad1be2c89b69c2b068fc378daa952ba7f163c4a11628f55a4df523b3ef836040518082815260200191505060405180910390a3505056,"0x06fdde03,0x313ce567,0x70a08231,0x95d89b41,0xa9059cbb",False,False,
0x5f100ebe48ae9c5396dd059dd0d8f4447f12a9e0,0x606060405260e060020a600035046306fdde038114610047578063313ce567146100a457806370a08231146100b057806395d89b41146100c8578063a9059cbb14610123575b005b61015260008054602060026001831615610100026000190190921691909104601f810182900490910260809081016040526060828152929190828280156101f55780601f106101ca576101008083540402835291602001916101f5565b6101c060025460ff1681565b6101c060043560036020526000908152604090205481565b610152600180546020601f6002600019610100858716150201909316929092049182018190040260809081016040526060828152929190828280156101f55780601f106101ca576101008083540402835291602001916101f5565b610045600435602435600160a060020a033316600090815260036020526040902054819010156101fd57610002565b60405180806020018281038252838181518152602001915080519060200190808383829060006004602084601f0104600302600f01f150905090810190601f1680156101b25780820380516001836020036101000a031916815260200191505b509250505060405180910390f35b6060908152602090f35b820191906000526020600020905b8154815290600101906020018083116101d857829003601f168201915b505050505081565b600160a060020a03821660009081526040902054808201101561021f57610002565b806003600050600033600160a060020a03168152602001908152602001600020600082828250540392505081905550806003600050600084600160a060020a0316815260200190815260200160002060008282825054019250508190555081600160a060020a031633600160a060020a03167fddf252ad1be2c89b69c2b068fc378daa952ba7f163c4a11628f55a4df523b3ef836040518082815260200191505060405180910390a3505056,"0x06fdde03,0x313ce567,0x70a08231,0x95d89b41,0xa9059cbb",False,False,
0x5f100ebe48ae9c5396dd059dd0d8f4447f12a9e0,0x606060405260e060020a600035046306fdde038114610047578063313ce567146100a457806370a08231146100b057806395d89b41146100c8578063a9059cbb14610123575b005b61015260008054602060026001831615610100026000190190921691909104601f810182900490910260809081016040526060828152929190828280156101f55780601f106101ca576101008083540402835291602001916101f5565b6101c060025460ff1681565b6101c060043560036020526000908152604090205481565b610152600180546020601f6002600019610100858716150201909316929092049182018190040260809081016040526060828152929190828280156101f55780601f106101ca576101008083540402835291602001916101f5565b610045600435602435600160a060020a033316600090815260036020526040902054819010156101fd57610002565b60405180806020018281038252838181518152602001915080519060200190808383829060006004602084601f0104600302600f01f150905090810190601f1680156101b25780820380516001836020036101000a031916815260200191505b509250505060405180910390f35b6060908152602090f35b820191906000526020600020905b8154815290600101906020018083116101d857829003601f168201915b505050505081565b600160a060020a03821660009081526040902054808201101561021f57610002565b806003600050600033600160a060020a03168152602001908152602001600020600082828250540392505081905550806003600050600084600160a060020a0316815260200190815260200160002060008282825054019250508190555081600160a060020a031633600160a060020a03167fddf252ad1be2c89b69c2b068fc378daa952ba7f163c4a11628f55a4df523b3ef836040518082815260200191505060405180910390a3505056,"0x06fdde03,0x313ce567,0x70a08231,0x95d89b41,0xa9059cbb",False,False,
0x1130547436810db920fa73681c946fea15e9b758,0x606060405260e060020a600035046306fdde038114610047578063313ce567146100a457806370a08231146100b057806395d89b41146100c8578063a9059cbb14610123575b005b61015f60008054602060026001831615610100026000190190921691909104601f810182900490910260809081016040526060828152929190828280156102025780601f106101d757610100808354040283529160200191610202565b6101cd60025460ff1681565b6101cd60043560036020526000908152604090205481565b61015f600180546020601f6002600019610100858716150201909316929092049182018190040260809081016040526060828152929190828280156102025780601f106101d757610100808354040283529160200191610202565b6101cd60043560243573ffffffffffffffffffffffffffffffffffffffff33166000908152600360205260408120548290101561020a57610002565b60405180806020018281038252838181518152602001915080519060200190808383829060006004602084601f0104600302600f01f150905090810190601f1680156101bf5780820380516001836020036101000a031916815260200191505b509250505060405180910390f35b6060908152602090f35b820191906000526020600020905b8154815290600101906020018083116101e557829003601f168201915b505050505081565b60408082208054849003905573ffffffffffffffffffffffffffffffffffffffff808516808452918320805485019055606084815233909116907fddf252ad1be2c89b69c2b068fc378daa952ba7f163c4a11628f55a4df523b3ef90602090a39291505056,"0x06fdde03,0x313ce567,0x70a08231,0x95d89b41,0xa9059cbb",False,False,
0xf4eced2f682ce333f96f2d8966c613ded8fc95dd,0x606060405260e060020a600035046306fdde038114610047578063313ce567146100a457806370a08231146100b057806395d89b41146100c8578063a9059cbb14610123575b005b61015260008054602060026001831615610100026000190190921691909104601f810182900490910260809081016040526060828152929190828280156101f55780601f106101ca576101008083540402835291602001916101f5565b6101c060025460ff1681565b6101c060043560036020526000908152604090205481565b610152600180546020601f6002600019610100858716150201909316929092049182018190040260809081016040526060828152929190828280156101f55780601f106101ca576101008083540402835291602001916101f5565b610045600435602435600160a060020a033316600090815260036020526040902054819010156101fd57610002565b60405180806020018281038252838181518152602001915080519060200190808383829060006004602084601f0104600302600f01f150905090810190601f1680156101b25780820380516001836020036101000a031916815260200191505b509250505060405180910390f35b6060908152602090f35b820191906000526020600020905b8154815290600101906020018083116101d857829003601f168201915b505050505081565b600160a060020a03821660009081526040902054808201101561021f57610002565b806003600050600033600160a060020a03168152602001908152602001600020600082828250540392505081905550806003600050600084600160a060020a0316815260200190815260200160002060008282825054019250508190555081600160a060020a031633600160a060020a03167fddf252ad1be2c89b69c2b068fc378daa952ba7f163c4a11628f55a4df523b3ef836040518082815260200191505060405180910390a3505056,"0x06fdde03,0x313ce567,0x70a08231,0x95d89b41,0xa9059cbb",False,False,
0xf4eced2f682ce333f96f2d8966c613ded8fc95dd,0x606060405260e060020a600035046306fdde038114610047578063313ce567146100a457806370a08231146100b057806395d89b41146100c8578063a9059cbb14610123575b005b61015260008054602060026001831615610100026000190190921691909104601f810182900490910260809081016040526060828152929190828280156101f55780601f106101ca576101008083540402835291602001916101f5565b6101c060025460ff1681565b6101c060043560036020526000908152604090205481565b610152600180546020601f6002600019610100858716150201909316929092049182018190040260809081016040526060828152929190828280156101f55780601f106101ca576101008083540402835291602001916101f5565b610045600435602435600160a060020a033316600090815260036020526040902054819010156101fd57610002565b60405180806020018281038252838181518152602001915080519060200190808383829060006004602084601f0104600302600f01f150905090810190601f1680156101b25780820380516001836020036101000a031916815260200191505b509250505060405180910390f35b6060908152602090f35b820191906000526020600020905b8154815290600101906020018083116101d857829003601f168201915b505050505081565b600160a060020a03821660009081526040902054808201101561021f57610002565b806003600050600033600160a060020a03168152602001908152602001600020600082828250540392505081905550806003600050600084600160a060020a0316815260200190815260200160002060008282825054019250508190555081600160a060020a031633600160a060020a03167fddf252ad1be2c89b69c2b068fc378daa952ba7f163c4a11628f55a4df523b3ef836040518082815260200191505060405180910390a3505056,"0x06fdde03,0x313ce567,0x70a08231,0x95d89b41,0xa9059cbb",False,False,
0xf4eced2f682ce333f96f2d8966c613ded8fc95dd,0x606060405260e060020a600035046306fdde038114610047578063313ce567146100a457806370a08231146100b057806395d89b41146100c8578063a9059cbb14610123575b005b61015260008054602060026001831615610100026000190190921691909104601f810182900490910260809081016040526060828152929190828280156101f55780601f106101ca576101008083540402835291602001916101f5565b6101c060025460ff1681565b6101c060043560036020526000908152604090205481565b610152600180546020601f6002600019610100858716150201909316929092049182018190040260809081016040526060828152929190828280156101f55780601f106101ca576101008083540402835291602001916101f5565b610045600435602435600160a060020a033316600090815260036020526040902054819010156101fd57610002565b60405180806020018281038252838181518152602001915080519060200190808383829060006004602084601f0104600302600f01f150905090810190601f1680156101b25780820380516001836020036101000a031916815260200191505b509250505060405180910390f35b6060908152602090f35b820191906000526020600020905b8154815290600101906020018083116101d857829003601f168201915b505050505081565b600160a060020a03821660009081526040902054808201101561021f57610002565b806003600050600033600160a060020a03168152602001908152602001600020600082828250540392505081905550806003600050600084600160a060020a0316815260200190815260200160002060008282825054019250508190555081600160a060020a031633600160a060020a03167fddf252ad1be2c89b69c2b068fc378daa952ba7f163c4a11628f55a4df523b3ef836040518082815260200191505060405180910390a3505056,"0x06fdde03,0x313ce567,0x70a08231,0x95d89b41,0xa9059cbb",False,False,
0xf4eced2f682ce333f96f2d8966c613ded8fc95dd,0x606060405260e060020a600035046306fdde038114610047578063313ce567146100a457806370a08231146100b057806395d89b41146100c8578063a9059cbb14610123575b005b61015260008054602060026001831615610100026000190190921691909104601f810182900490910260809081016040526060828152929190828280156101f55780601f106101ca576101008083540402835291602001916101f5565b6101c060025460ff1681565b6101c060043560036020526000908152604090205481565b610152600180546020601f6002600019610100858716150201909316929092049182018190040260809081016040526060828152929190828280156101f55780601f106101ca576101008083540402835291602001916101f5565b610045600435602435600160a060020a033316600090815260036020526040902054819010156101fd57610002565b60405180806020018281038252838181518152602001915080519060200190808383829060006004602084601f0104600302600f01f150905090810190601f1680156101b25780820380516001836020036101000a031916815260200191505b509250505060405180910390f35b6060908152602090f35b820191906000526020600020905b8154815290600101906020018083116101d857829003601f168201915b505050505081565b600160a060020a03821660009081526040902054808201101561021f57610002565b806003600050600033600160a060020a03168152602001908152602001600020600082828250540392505081905550806003600050600084600160a060020a0316815260200190815260200160002060008282825054019250508190555081600160a060020a031633600160a060020a03167fddf252ad1be2c89b69c2b068fc378daa952ba7f163c4a11628f55a4df523b3ef836040518082815260200191505060405180910390a3505056,"0x06fdde03,0x313ce567,0x70a08231,0x95d89b41,0xa9059cbb",False,False,
0xf4eced2f682ce333f96f2d8966c613ded8fc95dd,0x606060405260e060020a600035046306fdde038114610047578063313ce567146100a457806370a08231146100b057806395d89b41146100c8578063a9059cbb14610123575b005b61015260008054602060026001831615610100026000190190921691909104601f810182900490910260809081016040526060828152929190828280156101f55780601f106101ca576101008083540402835291602001916101f5565b6101c060025460ff1681565b6101c060043560036020526000908152604090205481565b610152600180546020601f6002600019610100858716150201909316929092049182018190040260809081016040526060828152929190828280156101f55780601f106101ca576101008083540402835291602001916101f5565b610045600435602435600160a060020a033316600090815260036020526040902054819010156101fd57610002565b60405180806020018281038252838181518152602001915080519060200190808383829060006004602084601f0104600302600f01f150905090810190601f1680156101b25780820380516001836020036101000a031916815260200191505b509250505060405180910390f35b6060908152602090f35b820191906000526020600020905b8154815290600101906020018083116101d857829003601f168201915b505050505081565b600160a060020a03821660009081526040902054808201101561021f57610002565b806003600050600033600160a060020a03168152602001908152602001600020600082828250540392505081905550806003600050600084600160a060020a0316815260200190815260200160002060008282825054019250508190555081600160a060020a031633600160a060020a03167fddf252ad1be2c89b69c2b068fc378daa952ba7f163c4a11628f55a4df523b3ef836040518082815260200191505060405180910390a3505056,"0x06fdde03,0x313ce567,0x70a08231,0x95d89b41,0xa9059cbb",False,False,
0xf4eced2f682ce333f96f2d8966c613ded8fc95dd,0x606060405260e060020a600035046306fdde038114610047578063313ce567146100a457806370a08231146100b057806395d89b41146100c8578063a9059cbb14610123575b005b61015260008054602060026001831615610100026000190190921691909104601f810182900490910260809081016040526060828152929190828280156101f55780601f106101ca576101008083540402835291602001916101f5565b6101c060025460ff1681565b6101c060043560036020526000908152604090205481565b610152600180546020601f6002600019610100858716150201909316929092049182018190040260809081016040526060828152929190828280156101f55780601f106101ca576101008083540402835291602001916101f5565b610045600435602435600160a060020a033316600090815260036020526040902054819010156101fd57610002565b60405180806020018281038252838181518152602001915080519060200190808383829060006004602084601f0104600302600f01f150905090810190601f1680156101b25780820380516001836020036101000a031916815260200191505b509250505060405180910390f35b6060908152602090f35b820191906000526020600020905b8154815290600101906020018083116101d857829003601f168201915b505050505081565b600160a060020a03821660009081526040902054808201101561021f57610002565b806003600050600033600160a060020a03168152602001908152602001600020600082828250540392505081905550806003600050600084600160a060020a0316815260200190815260200160002060008282825054019250508190555081600160a060020a031633600160a060020a03167fddf252ad1be2c89b69c2b068fc378daa952ba7f163c4a11628f55a4df523b3ef836040518082815260200191505060405180910390a3505056,"0x06fdde03,0x313ce567,0x70a08231,0x95d89b41,0xa9059cbb",False,False,
0xf4eced2f682ce333f96f2d8966c613ded8fc95dd,0x606060405260e060020a600035046306fdde038114610047578063313ce567146100a457806370a08231146100b057806395d89b41146100c8578063a9059cbb14610123575b005b61015260008054602060026001831615610100026000190190921691909104601f810182900490910260809081016040526060828152929190828280156101f55780601f106101ca576101008083540402835291602001916101f5565b6101c060025460ff1681565b6101c060043560036020526000908152604090205481565b610152600180546020601f6002600019610100858716150201909316929092049182018190040260809081016040526060828152929190828280156101f55780601f106101ca576101008083540402835291602001916101f5565b610045600435602435600160a060020a033316600090815260036020526040902054819010156101fd57610002565b60405180806020018281038252838181518152602001915080519060200190808383829060006004602084601f0104600302600f01f150905090810190601f1680156101b25780820380516001836020036101000a031916815260200191505b509250505060405180910390f35b6060908152602090f35b820191906000526020600020905b8154815290600101906020018083116101d857829003601f168201915b505050505081565b600160a060020a03821660009081526040902054808201101561021f57610002565b806003600050600033600160a060020a03168152602001908152602001600020600082828250540392505081905550806003600050600084600160a060020a0316815260200190815260200160002060008282825054019250508190555081600160a060020a031633600160a060020a03167fddf252ad1be2c89b69c2b068fc378daa952ba7f163c4a11628f55a4df523b3ef836040518082815260200191505060405180910390a3505056,"0x06fdde03,0x313ce567,0x70a08231,0x95d89b41,0xa9059cbb",False,False,
0xf4eced2f682ce333f96f2d8966c613ded8fc95dd,0x606060405260e060020a600035046306fdde038114610047578063313ce567146100a457806370a08231146100b057806395d89b41146100c8578063a9059cbb14610123575b005b61015260008054602060026001831615610100026000190190921691909104601f810182900490910260809081016040526060828152929190828280156101f55780601f106101ca576101008083540402835291602001916101f5565b6101c060025460ff1681565b6101c060043560036020526000908152604090205481565b610152600180546020601f6002600019610100858716150201909316929092049182018190040260809081016040526060828152929190828280156101f55780601f106101ca576101008083540402835291602001916101f5565b610045600435602435600160a060020a033316600090815260036020526040902054819010156101fd57610002565b60405180806020018281038252838181518152602001915080519060200190808383829060006004602084601f0104600302600f01f150905090810190601f1680156101b25780820380516001836020036101000a031916815260200191505b509250505060405180910390f35b6060908152602090f35b820191906000526020600020905b8154815290600101906020018083116101d857829003601f168201915b505050505081565b600160a060020a03821660009081526040902054808201101561021f57610002565b806003600050600033600160a060020a03168152602001908152602001600020600082828250540392505081905550806003600050600084600160a060020a0316815260200190815260200160002060008282825054019250508190555081600160a060020a031633600160a060020a03167fddf252ad1be2c89b69c2b068fc378daa952ba7f163c4a11628f55a4df523b3ef836040518082815260200191505060405180910390a3505056,"0x06fdde03,0x313ce567,0x70a08231,0x95d89b41,0xa9059cbb",False,False,
0x1130547436810db920fa73681c946fea15e9b758,0x606060405260e060020a600035046306fdde038114610047578063313ce567146100a457806370a08231146100b057806395d89b41146100c8578063a9059cbb14610123575b005b61015f60008054602060026001831615610100026000190190921691909104601f810182900490910260809081016040526060828152929190828280156102025780601f106101d757610100808354040283529160200191610202565b6101cd60025460ff1681565b6101cd60043560036020526000908152604090205481565b61015f600180546020601f6002600019610100858716150201909316929092049182018190040260809081016040526060828152929190828280156102025780601f106101d757610100808354040283529160200191610202565b6101cd60043560243573ffffffffffffffffffffffffffffffffffffffff33166000908152600360205260408120548290101561020a57610002565b60405180806020018281038252838181518152602001915080519060200190808383829060006004602084601f0104600302600f01f150905090810190601f1680156101bf5780820380516001836020036101000a031916815260200191505b509250505060405180910390f35b6060908152602090f35b820191906000526020600020905b8154815290600101906020018083116101e557829003601f168201915b505050505081565b60408082208054849003905573ffffffffffffffffffffffffffffffffffffffff808516808452918320805485019055606084815233909116907fddf252ad1be2c89b69c2b068fc378daa952ba7f163c4a11628f55a4df523b3ef90602090a39291505056,"0x06fdde03,0x313ce567,0x70a08231,0x95d89b41,0xa9059cbb",False,False,
0x1130547436810db920fa73681c946fea15e9b758,0x606060405260e060020a600035046306fdde038114610047578063313ce567146100a457806370a08231146100b057806395d89b41146100c8578063a9059cbb14610123575b005b61015f60008054602060026001831615610100026000190190921691909104601f810182900490910260809081016040526060828152929190828280156102025780601f106101d757610100808354040283529160200191610202565b6101cd60025460ff1681565b6101cd60043560036020526000908152604090205481565b61015f600180546020601f6002600019610100858716150201909316929092049182018190040260809081016040526060828152929190828280156102025780601f106101d757610100808354040283529160200191610202565b6101cd60043560243573ffffffffffffffffffffffffffffffffffffffff33166000908152600360205260408120548290101561020a57610002565b60405180806020018281038252838181518152602001915080519060200190808383829060006004602084601f0104600302600f01f150905090810190601f1680156101bf5780820380516001836020036101000a031916815260200191505b509250505060405180910390f35b6060908152602090f35b820191906000526020600020905b8154815290600101906020018083116101e557829003601f168201915b505050505081565b60408082208054849003905573ffffffffffffffffffffffffffffffffffffffff808516808452918320805485019055606084815233909116907fddf252ad1be2c89b69c2b068fc378daa952ba7f163c4a11628f55a4df523b3ef90602090a39291505056,"0x06fdde03,0x313ce567,0x70a08231,0x95d89b41,0xa9059cbb",False,False,
0x1130547436810db920fa73681c946fea15e9b758,0x606060405260e060020a600035046306fdde038114610047578063313ce567146100a457806370a08231146100b057806395d89b41146100c8578063a9059cbb14610123575b005b61015f60008054602060026001831615610100026000190190921691909104601f810182900490910260809081016040526060828152929190828280156102025780601f106101d757610100808354040283529160200191610202565b6101cd60025460ff1681565b6101cd60043560036020526000908152604090205481565b61015f600180546020601f6002600019610100858716150201909316929092049182018190040260809081016040526060828152929190828280156102025780601f106101d757610100808354040283529160200191610202565b6101cd60043560243573ffffffffffffffffffffffffffffffffffffffff33166000908152600360205260408120548290101561020a57610002565b60405180806020018281038252838181518152602001915080519060200190808383829060006004602084601f0104600302600f01f150905090810190601f1680156101bf5780820380516001836020036101000a031916815260200191505b509250505060405180910390f35b6060908152602090f35b820191906000526020600020905b8154815290600101906020018083116101e557829003601f168201915b505050505081565b60408082208054849003905573ffffffffffffffffffffffffffffffffffffffff808516808452918320805485019055606084815233909116907fddf252ad1be2c89b69c2b068fc378daa952ba7f163c4a11628f55a4df523b3ef90602090a39291505056,"0x06fdde03,0x313ce567,0x70a08231,0x95d89b41,0xa9059cbb",False,False,
0x1130547436810db920fa73681c946fea15e9b758,0x606060405260e060020a600035046306fdde038114610047578063313ce567146100a457806370a08231146100b057806395d89b41146100c8578063a9059cbb14610123575b005b61015f60008054602060026001831615610100026000190190921691909104601f810182900490910260809081016040526060828152929190828280156102025780601f106101d757610100808354040283529160200191610202565b6101cd60025460ff1681565b6101cd60043560036020526000908152604090205481565b61015f600180546020601f6002600019610100858716150201909316929092049182018190040260809081016040526060828152929190828280156102025780601f106101d757610100808354040283529160200191610202565b6101cd60043560243573ffffffffffffffffffffffffffffffffffffffff33166000908152600360205260408120548290101561020a57610002565b60405180806020018281038252838181518152602001915080519060200190808383829060006004602084601f0104600302600f01f150905090810190601f1680156101bf5780820380516001836020036101000a031916815260200191505b509250505060405180910390f35b6060908152602090f35b820191906000526020600020905b8154815290600101906020018083116101e557829003601f168201915b505050505081565b60408082208054849003905573ffffffffffffffffffffffffffffffffffffffff808516808452918320805485019055606084815233909116907fddf252ad1be2c89b69c2b068fc378daa952ba7f163c4a11628f55a4df523b3ef90602090a39291505056,"0x06fdde03,0x313ce567,0x70a08231,0x95d89b41,0xa9059cbb",False,False,
0x1130547436810db920fa73681c946fea15e9b758,0x606060405260e060020a600035046306fdde038114610047578063313ce567146100a457806370a08231146100b057806395d89b41146100c8578063a9059cbb14610123575b005b61015f60008054602060026001831615610100026000190190921691909104601f810182900490910260809081016040526060828152929190828280156102025780601f106101d757610100808354040283529160200191610202565b6101cd60025460ff1681565b6101cd60043560036020526000908152604090205481565b61015f600180546020601f6002600019610100858716150201909316929092049182018190040260809081016040526060828152929190828280156102025780601f106101d757610100808354040283529160200191610202565b6101cd60043560243573ffffffffffffffffffffffffffffffffffffffff33166000908152600360205260408120548290101561020a57610002565b60405180806020018281038252838181518152602001915080519060200190808383829060006004602084601f0104600302600f01f150905090810190601f1680156101bf5780820380516001836020036101000a031916815260200191505b509250505060405180910390f35b6060908152602090f35b820191906000526020600020905b8154815290600101906020018083116101e557829003601f168201915b505050505081565b60408082208054849003905573ffffffffffffffffffffffffffffffffffffffff808516808452918320805485019055606084815233909116907fddf252ad1be2c89b69c2b068fc378daa952ba7f163c4a11628f55a4df523b3ef90602090a39291505056,"0x06fdde03,0x313ce567,0x70a08231,0x95d89b41,0xa9059cbb",False,False,
0x1130547436810db920fa73681c946fea15e9b758,0x606060405260e060020a600035046306fdde038114610047578063313ce567146100a457806370a08231146100b057806395d89b41146100c8578063a9059cbb14610123575b005b61015f60008054602060026001831615610100026000190190921691909104601f810182900490910260809081016040526060828152929190828280156102025780601f106101d757610100808354040283529160200191610202565b6101cd60025460ff1681565b6101cd60043560036020526000908152604090205481565b61015f600180546020601f6002600019610100858716150201909316929092049182018190040260809081016040526060828152929190828280156102025780601f106101d757610100808354040283529160200191610202565b6101cd60043560243573ffffffffffffffffffffffffffffffffffffffff33166000908152600360205260408120548290101561020a57610002565b60405180806020018281038252838181518152602001915080519060200190808383829060006004602084601f0104600302600f01f150905090810190601f1680156101bf5780820380516001836020036101000a031916815260200191505b509250505060405180910390f35b6060908152602090f35b820191906000526020600020905b8154815290600101906020018083116101e557829003601f168201915b505050505081565b60408082208054849003905573ffffffffffffffffffffffffffffffffffffffff808516808452918320805485019055606084815233909116907fddf252ad1be2c89b69c2b068fc378daa952ba7f163c4a11628f55a4df523b3ef90602090a39291505056,"0x06fdde03,0x313ce567,0x70a08231,0x95d89b41,0xa9059cbb",False,False,
0x1130547436810db920fa73681c946fea15e9b758,0x606060405260e060020a600035046306fdde038114610047578063313ce567146100a457806370a08231146100b057806395d89b41146100c8578063a9059cbb14610123575b005b61015f60008054602060026001831615610100026000190190921691909104601f810182900490910260809081016040526060828152929190828280156102025780601f106101d757610100808354040283529160200191610202565b6101cd60025460ff1681565b6101cd60043560036020526000908152604090205481565b61015f600180546020601f6002600019610100858716150201909316929092049182018190040260809081016040526060828152929190828280156102025780601f106101d757610100808354040283529160200191610202565b6101cd60043560243573ffffffffffffffffffffffffffffffffffffffff33166000908152600360205260408120548290101561020a57610002565b60405180806020018281038252838181518152602001915080519060200190808383829060006004602084601f0104600302600f01f150905090810190601f1680156101bf5780820380516001836020036101000a031916815260200191505b509250505060405180910390f35b6060908152602090f35b820191906000526020600020905b8154815290600101906020018083116101e557829003601f168201915b505050505081565b60408082208054849003905573ffffffffffffffffffffffffffffffffffffffff808516808452918320805485019055606084815233909116907fddf252ad1be2c89b69c2b068fc378daa952ba7f163c4a11628f55a4df523b3ef90602090a39291505056,"0x06fdde03,0x313ce567,0x70a08231,0x95d89b41,0xa9059cbb",False,False,
0x1130547436810db920fa73681c946fea15e9b758,0x606060405260e060020a600035046306fdde038114610047578063313ce567146100a457806370a08231146100b057806395d89b41146100c8578063a9059cbb14610123575b005b61015f60008054602060026001831615610100026000190190921691909104601f810182900490910260809081016040526060828152929190828280156102025780601f106101d757610100808354040283529160200191610202565b6101cd60025460ff1681565b6101cd60043560036020526000908152604090205481565b61015f600180546020601f6002600019610100858716150201909316929092049182018190040260809081016040526060828152929190828280156102025780601f106101d757610100808354040283529160200191610202565b6101cd60043560243573ffffffffffffffffffffffffffffffffffffffff33166000908152600360205260408120548290101561020a57610002565b60405180806020018281038252838181518152602001915080519060200190808383829060006004602084601f0104600302600f01f150905090810190601f1680156101bf5780820380516001836020036101000a031916815260200191505b509250505060405180910390f35b6060908152602090f35b820191906000526020600020905b8154815290600101906020018083116101e557829003601f168201915b505050505081565b60408082208054849003905573ffffffffffffffffffffffffffffffffffffffff808516808452918320805485019055606084815233909116907fddf252ad1be2c89b69c2b068fc378daa952ba7f163c4a11628f55a4df523b3ef90602090a39291505056,"0x06fdde03,0x313ce567,0x70a08231,0x95d89b41,0xa9059cbb",False,False,
0x1130547436810db920fa73681c946fea15e9b758,0x606060405260e060020a600035046306fdde038114610047578063313ce567146100a457806370a08231146100b057806395d89b41146100c8578063a9059cbb14610123575b005b61015f60008054602060026001831615610100026000190190921691909104601f810182900490910260809081016040526060828152929190828280156102025780601f106101d757610100808354040283529160200191610202565b6101cd60025460ff1681565b6101cd60043560036020526000908152604090205481565b61015f600180546020601f6002600019610100858716150201909316929092049182018190040260809081016040526060828152929190828280156102025780601f106101d757610100808354040283529160200191610202565b6101cd60043560243573ffffffffffffffffffffffffffffffffffffffff33166000908152600360205260408120548290101561020a57610002565b60405180806020018281038252838181518152602001915080519060200190808383829060006004602084601f0104600302600f01f150905090810190601f1680156101bf5780820380516001836020036101000a031916815260200191505b509250505060405180910390f35b6060908152602090f35b820191906000526020600020905b8154815290600101906020018083116101e557829003601f168201915b505050505081565b60408082208054849003905573ffffffffffffffffffffffffffffffffffffffff808516808452918320805485019055606084815233909116907fddf252ad1be2c89b69c2b068fc378daa952ba7f163c4a11628f55a4df523b3ef90602090a39291505056,"0x06fdde03,0x313ce567,0x70a08231,0x95d89b41,0xa9059cbb",False,False,
0xab3652fd492fbb0d6b63acb742f3ed12afbaef52,0x606060405260e060020a600035046306fdde038114610047578063313ce567146100a457806370a08231146100b057806395d89b41146100c8578063a9059cbb14610123575b005b61015260008054602060026001831615610100026000190190921691909104601f810182900490910260809081016040526060828152929190828280156101f55780601f106101ca576101008083540402835291602001916101f5565b6101c060025460ff1681565b6101c060043560036020526000908152604090205481565b610152600180546020601f6002600019610100858716150201909316929092049182018190040260809081016040526060828152929190828280156101f55780601f106101ca576101008083540402835291602001916101f5565b610045600435602435600160a060020a033316600090815260036020526040902054819010156101fd57610002565b60405180806020018281038252838181518152602001915080519060200190808383829060006004602084601f0104600302600f01f150905090810190601f1680156101b25780820380516001836020036101000a031916815260200191505b509250505060405180910390f35b6060908152602090f35b820191906000526020600020905b8154815290600101906020018083116101d857829003601f168201915b505050505081565b600160a060020a03821660009081526040902054808201101561021f57610002565b806003600050600033600160a060020a03168152602001908152602001600020600082828250540392505081905550806003600050600084600160a060020a0316815260200190815260200160002060008282825054019250508190555081600160a060020a031633600160a060020a03167fddf252ad1be2c89b69c2b068fc378daa952ba7f163c4a11628f55a4df523b3ef836040518082815260200191505060405180910390a3505056,"0x06fdde03,0x313ce567,0x70a08231,0x95d89b41,0xa9059cbb",False,False,
0x1130547436810db920fa73681c946fea15e9b758,0x606060405260e060020a600035046306fdde038114610047578063313ce567146100a457806370a08231146100b057806395d89b41146100c8578063a9059cbb14610123575b005b61015f60008054602060026001831615610100026000190190921691909104601f810182900490910260809081016040526060828152929190828280156102025780601f106101d757610100808354040283529160200191610202565b6101cd60025460ff1681565b6101cd60043560036020526000908152604090205481565b61015f600180546020601f6002600019610100858716150201909316929092049182018190040260809081016040526060828152929190828280156102025780601f106101d757610100808354040283529160200191610202565b6101cd60043560243573ffffffffffffffffffffffffffffffffffffffff33166000908152600360205260408120548290101561020a57610002565b60405180806020018281038252838181518152602001915080519060200190808383829060006004602084601f0104600302600f01f150905090810190601f1680156101bf5780820380516001836020036101000a031916815260200191505b509250505060405180910390f35b6060908152602090f35b820191906000526020600020905b8154815290600101906020018083116101e557829003601f168201915b505050505081565b60408082208054849003905573ffffffffffffffffffffffffffffffffffffffff808516808452918320805485019055606084815233909116907fddf252ad1be2c89b69c2b068fc378daa952ba7f163c4a11628f55a4df523b3ef90602090a39291505056,"0x06fdde03,0x313ce567,0x70a08231,0x95d89b41,0xa9059cbb",False,False,
0xf4eced2f682ce333f96f2d8966c613ded8fc95dd,0x606060405260e060020a600035046306fdde038114610047578063313ce567146100a457806370a08231146100b057806395d89b41146100c8578063a9059cbb14610123575b005b61015260008054602060026001831615610100026000190190921691909104601f810182900490910260809081016040526060828152929190828280156101f55780601f106101ca576101008083540402835291602001916101f5565b6101c060025460ff1681565b6101c060043560036020526000908152604090205481565b610152600180546020601f6002600019610100858716150201909316929092049182018190040260809081016040526060828152929190828280156101f55780601f106101ca576101008083540402835291602001916101f5565b610045600435602435600160a060020a033316600090815260036020526040902054819010156101fd57610002565b60405180806020018281038252838181518152602001915080519060200190808383829060006004602084601f0104600302600f01f150905090810190601f1680156101b25780820380516001836020036101000a031916815260200191505b509250505060405180910390f35b6060908152602090f35b820191906000526020600020905b8154815290600101906020018083116101d857829003601f168201915b505050505081565b600160a060020a03821660009081526040902054808201101561021f57610002565b806003600050600033600160a060020a03168152602001908152602001600020600082828250540392505081905550806003600050600084600160a060020a0316815260200190815260200160002060008282825054019250508190555081600160a060020a031633600160a060020a03167fddf252ad1be2c89b69c2b068fc378daa952ba7f163c4a11628f55a4df523b3ef836040518082815260200191505060405180910390a3505056,"0x06fdde03,0x313ce567,0x70a08231,0x95d89b41,0xa9059cbb",False,False,
0xf4eced2f682ce333f96f2d8966c613ded8fc95dd,0x606060405260e060020a600035046306fdde038114610047578063313ce567146100a457806370a08231146100b057806395d89b41146100c8578063a9059cbb14610123575b005b61015260008054602060026001831615610100026000190190921691909104601f810182900490910260809081016040526060828152929190828280156101f55780601f106101ca576101008083540402835291602001916101f5565b6101c060025460ff1681565b6101c060043560036020526000908152604090205481565b610152600180546020601f6002600019610100858716150201909316929092049182018190040260809081016040526060828152929190828280156101f55780601f106101ca576101008083540402835291602001916101f5565b610045600435602435600160a060020a033316600090815260036020526040902054819010156101fd57610002565b60405180806020018281038252838181518152602001915080519060200190808383829060006004602084601f0104600302600f01f150905090810190601f1680156101b25780820380516001836020036101000a031916815260200191505b509250505060405180910390f35b6060908152602090f35b820191906000526020600020905b8154815290600101906020018083116101d857829003601f168201915b505050505081565b600160a060020a03821660009081526040902054808201101561021f57610002565b806003600050600033600160a060020a03168152602001908152602001600020600082828250540392505081905550806003600050600084600160a060020a0316815260200190815260200160002060008282825054019250508190555081600160a060020a031633600160a060020a03167fddf252ad1be2c89b69c2b068fc378daa952ba7f163c4a11628f55a4df523b3ef836040518082815260200191505060405180910390a3505056,"0x06fdde03,0x313ce567,0x70a08231,0x95d89b41,0xa9059cbb",False,False,
0x1130547436810db920fa73681c946fea15e9b758,0x606060405260e060020a600035046306fdde038114610047578063313ce567146100a457806370a08231146100b057806395d89b41146100c8578063a9059cbb14610123575b005b61015f60008054602060026001831615610100026000190190921691909104601f810182900490910260809081016040526060828152929190828280156102025780601f106101d757610100808354040283529160200191610202565b6101cd60025460ff1681565b6101cd60043560036020526000908152604090205481565b61015f600180546020601f6002600019610100858716150201909316929092049182018190040260809081016040526060828152929190828280156102025780601f106101d757610100808354040283529160200191610202565b6101cd60043560243573ffffffffffffffffffffffffffffffffffffffff33166000908152600360205260408120548290101561020a57610002565b60405180806020018281038252838181518152602001915080519060200190808383829060006004602084601f0104600302600f01f150905090810190601f1680156101bf5780820380516001836020036101000a031916815260200191505b509250505060405180910390f35b6060908152602090f35b820191906000526020600020905b8154815290600101906020018083116101e557829003601f168201915b505050505081565b60408082208054849003905573ffffffffffffffffffffffffffffffffffffffff808516808452918320805485019055606084815233909116907fddf252ad1be2c89b69c2b068fc378daa952ba7f163c4a11628f55a4df523b3ef90602090a39291505056,"0x06fdde03,0x313ce567,0x70a08231,0x95d89b41,0xa9059cbb",False,False,
0x1130547436810db920fa73681c946fea15e9b758,0x606060405260e060020a600035046306fdde038114610047578063313ce567146100a457806370a08231146100b057806395d89b41146100c8578063a9059cbb14610123575b005b61015f60008054602060026001831615610100026000190190921691909104601f810182900490910260809081016040526060828152929190828280156102025780601f106101d757610100808354040283529160200191610202565b6101cd60025460ff1681565b6101cd60043560036020526000908152604090205481565b61015f600180546020601f6002600019610100858716150201909316929092049182018190040260809081016040526060828152929190828280156102025780601f106101d757610100808354040283529160200191610202565b6101cd60043560243573ffffffffffffffffffffffffffffffffffffffff33166000908152600360205260408120548290101561020a57610002565b60405180806020018281038252838181518152602001915080519060200190808383829060006004602084601f0104600302600f01f150905090810190601f1680156101bf5780820380516001836020036101000a031916815260200191505b509250505060405180910390f35b6060908152602090f35b820191906000526020600020905b8154815290600101906020018083116101e557829003601f168201915b505050505081565b60408082208054849003905573ffffffffffffffffffffffffffffffffffffffff808516808452918320805485019055606084815233909116907fddf252ad1be2c89b69c2b068fc378daa952ba7f163c4a11628f55a4df523b3ef90602090a39291505056,"0x06fdde03,0x313ce567,0x70a08231,0x95d89b41,0xa9059cbb",False,False,
0xf4eced2f682ce333f96f2d8966c613ded8fc95dd,0x606060405260e060020a600035046306fdde038114610047578063313ce567146100a457806370a08231146100b057806395d89b41146100c8578063a9059cbb14610123575b005b61015260008054602060026001831615610100026000190190921691909104601f810182900490910260809081016040526060828152929190828280156101f55780601f106101ca576101008083540402835291602001916101f5565b6101c060025460ff1681565b6101c060043560036020526000908152604090205481565b610152600180546020601f6002600019610100858716150201909316929092049182018190040260809081016040526060828152929190828280156101f55780601f106101ca576101008083540402835291602001916101f5565b610045600435602435600160a060020a033316600090815260036020526040902054819010156101fd57610002565b60405180806020018281038252838181518152602001915080519060200190808383829060006004602084601f0104600302600f01f150905090810190601f1680156101b25780820380516001836020036101000a031916815260200191505b509250505060405180910390f35b6060908152602090f35b820191906000526020600020905b8154815290600101906020018083116101d857829003601f168201915b505050505081565b600160a060020a03821660009081526040902054808201101561021f57610002565b806003600050600033600160a060020a03168152602001908152602001600020600082828250540392505081905550806003600050600084600160a060020a0316815260200190815260200160002060008282825054019250508190555081600160a060020a031633600160a060020a03167fddf252ad1be2c89b69c2b068fc378daa952ba7f163c4a11628f55a4df523b3ef836040518082815260200191505060405180910390a3505056,"0x06fdde03,0x313ce567,0x70a08231,0x95d89b41,0xa9059cbb",False,False,
0xf4eced2f682ce333f96f2d8966c613ded8fc95dd,0x606060405260e060020a600035046306fdde038114610047578063313ce567146100a457806370a08231146100b057806395d89b41146100c8578063a9059cbb14610123575b005b61015260008054602060026001831615610100026000190190921691909104601f810182900490910260809081016040526060828152929190828280156101f55780601f106101ca576101008083540402835291602001916101f5565b6101c060025460ff1681565b6101c060043560036020526000908152604090205481565b610152600180546020601f6002600019610100858716150201909316929092049182018190040260809081016040526060828152929190828280156101f55780601f106101ca576101008083540402835291602001916101f5565b610045600435602435600160a060020a033316600090815260036020526040902054819010156101fd57610002565b60405180806020018281038252838181518152602001915080519060200190808383829060006004602084601f0104600302600f01f150905090810190601f1680156101b25780820380516001836020036101000a031916815260200191505b509250505060405180910390f35b6060908152602090f35b820191906000526020600020905b8154815290600101906020018083116101d857829003601f168201915b505050505081565b600160a060020a03821660009081526040902054808201101561021f57610002565b806003600050600033600160a060020a03168152602001908152602001600020600082828250540392505081905550806003600050600084600160a060020a0316815260200190815260200160002060008282825054019250508190555081600160a060020a031633600160a060020a03167fddf252ad1be2c89b69c2b068fc378daa952ba7f163c4a11628f55a4df523b3ef836040518082815260200191505060405180910390a3505056,"0x06fdde03,0x313ce567,0x70a08231,0x95d89b41,0xa9059cbb",False,False,
0x1130547436810db920fa73681c946fea15e9b758,0x606060405260e060020a600035046306fdde038114610047578063313ce567146100a457806370a08231146100b057806395d89b41146100c8578063a9059cbb14610123575b005b61015f60008054602060026001831615610100026000190190921691909104601f810182900490910260809081016040526060828152929190828280156102025780601f106101d757610100808354040283529160200191610202565b6101cd60025460ff1681565b6101cd60043560036020526000908152604090205481565b61015f600180546020601f6002600019610100858716150201909316929092049182018190040260809081016040526060828152929190828280156102025780601f106101d757610100808354040283529160200191610202565b6101cd60043560243573ffffffffffffffffffffffffffffffffffffffff33166000908152600360205260408120548290101561020a57610002565b60405180806020018281038252838181518152602001915080519060200190808383829060006004602084601f0104600302600f01f150905090810190601f1680156101bf5780820380516001836020036101000a031916815260200191505b509250505060405180910390f35b6060908152602090f35b820191906000526020600020905b8154815290600101906020018083116101e557829003601f168201915b505050505081565b60408082208054849003905573ffffffffffffffffffffffffffffffffffffffff808516808452918320805485019055606084815233909116907fddf252ad1be2c89b69c2b068fc378daa952ba7f163c4a11628f55a4df523b3ef90602090a39291505056,"0x06fdde03,0x313ce567,0x70a08231,0x95d89b41,0xa9059cbb",False,False,
0x1130547436810db920fa73681c946fea15e9b758,0x606060405260e060020a600035046306fdde038114610047578063313ce567146100a457806370a08231146100b057806395d89b41146100c8578063a9059cbb14610123575b005b61015f60008054602060026001831615610100026000190190921691909104601f810182900490910260809081016040526060828152929190828280156102025780601f106101d757610100808354040283529160200191610202565b6101cd60025460ff1681565b6101cd60043560036020526000908152604090205481565b61015f600180546020601f6002600019610100858716150201909316929092049182018190040260809081016040526060828152929190828280156102025780601f106101d757610100808354040283529160200191610202565b6101cd60043560243573ffffffffffffffffffffffffffffffffffffffff33166000908152600360205260408120548290101561020a57610002565b60405180806020018281038252838181518152602001915080519060200190808383829060006004602084601f0104600302600f01f150905090810190601f1680156101bf5780820380516001836020036101000a031916815260200191505b509250505060405180910390f35b6060908152602090f35b820191906000526020600020905b8154815290600101906020018083116101e557829003601f168201915b505050505081565b60408082208054849003905573ffffffffffffffffffffffffffffffffffffffff808516808452918320805485019055606084815233909116907fddf252ad1be2c89b69c2b068fc378daa952ba7f163c4a11628f55a4df523b3ef90602090a39291505056,"0x06fdde03,0x313ce567,0x70a08231,0x95d89b41,0xa9059cbb",False,False,
0x1130547436810db920fa73681c946fea15e9b758,0x606060405260e060020a600035046306fdde038114610047578063313ce567146100a457806370a08231146100b057806395d89b41146100c8578063a9059cbb14610123575b005b61015f60008054602060026001831615610100026000190190921691909104601f810182900490910260809081016040526060828152929190828280156102025780601f106101d757610100808354040283529160200191610202565b6101cd60025460ff1681565b6101cd60043560036020526000908152604090205481565b61015f600180546020601f6002600019610100858716150201909316929092049182018190040260809081016040526060828152929190828280156102025780601f106101d757610100808354040283529160200191610202565b6101cd60043560243573ffffffffffffffffffffffffffffffffffffffff33166000908152600360205260408120548290101561020a57610002565b60405180806020018281038252838181518152602001915080519060200190808383829060006004602084601f0104600302600f01f150905090810190601f1680156101bf5780820380516001836020036101000a031916815260200191505b509250505060405180910390f35b6060908152602090f35b820191906000526020600020905b8154815290600101906020018083116101e557829003601f168201915b505050505081565b60408082208054849003905573ffffffffffffffffffffffffffffffffffffffff808516808452918320805485019055606084815233909116907fddf252ad1be2c89b69c2b068fc378daa952ba7f163c4a11628f55a4df523b3ef90602090a39291505056,"0x06fdde03,0x313ce567,0x70a08231,0x95d89b41,0xa9059cbb",False,False,
0x2df8f1448e50fc36969048beea636d5a7cc71c64,0x606060405236156100565760e060020a600035046306fdde038114610058578063313ce567146100b55780634ad2b972146100c157806370a08231146100d057806395d89b41146100e8578063a9059cbb14610143575b005b61017260008054602060026001831615610100026000190190921691909104601f810182900490910260809081016040526060828152929190828280156102155780601f106101ea57610100808354040283529160200191610215565b6101e060025460ff1681565b61005633600160a060020a0316ff5b6101e060043560036020526000908152604090205481565b610172600180546020601f6002600019610100858716150201909316929092049182018190040260809081016040526060828152929190828280156102155780601f106101ea57610100808354040283529160200191610215565b610056600435602435600160a060020a0333166000908152600360205260409020548190101561021d57610002565b60405180806020018281038252838181518152602001915080519060200190808383829060006004602084601f0104600302600f01f150905090810190601f1680156101d25780820380516001836020036101000a031916815260200191505b509250505060405180910390f35b6060908152602090f35b820191906000526020600020905b8154815290600101906020018083116101f857829003601f168201915b505050505081565b600160a060020a03821660009081526040902054808201101561023f57610002565b806003600050600033600160a060020a03168152602001908152602001600020600082828250540392505081905550806003600050600084600160a060020a0316815260200190815260200160002060008282825054019250508190555081600160a060020a031633600160a060020a03167fddf252ad1be2c89b69c2b068fc378daa952ba7f163c4a11628f55a4df523b3ef836040518082815260200191505060405180910390a3505056,"0x06fdde03,0x313ce567,0x4ad2b972,0x70a08231,0x95d89b41,0xa9059cbb",False,False,
0x2df8f1448e50fc36969048beea636d5a7cc71c64,0x606060405236156100565760e060020a600035046306fdde038114610058578063313ce567146100b55780634ad2b972146100c157806370a08231146100d057806395d89b41146100e8578063a9059cbb14610143575b005b61017260008054602060026001831615610100026000190190921691909104601f810182900490910260809081016040526060828152929190828280156102155780601f106101ea57610100808354040283529160200191610215565b6101e060025460ff1681565b61005633600160a060020a0316ff5b6101e060043560036020526000908152604090205481565b610172600180546020601f6002600019610100858716150201909316929092049182018190040260809081016040526060828152929190828280156102155780601f106101ea57610100808354040283529160200191610215565b610056600435602435600160a060020a0333166000908152600360205260409020548190101561021d57610002565b60405180806020018281038252838181518152602001915080519060200190808383829060006004602084601f0104600302600f01f150905090810190601f1680156101d25780820380516001836020036101000a031916815260200191505b509250505060405180910390f35b6060908152602090f35b820191906000526020600020905b8154815290600101906020018083116101f857829003601f168201915b505050505081565b600160a060020a03821660009081526040902054808201101561023f57610002565b806003600050600033600160a060020a03168152602001908152602001600020600082828250540392505081905550806003600050600084600160a060020a0316815260200190815260200160002060008282825054019250508190555081600160a060020a031633600160a060020a03167fddf252ad1be2c89b69c2b068fc378daa952ba7f163c4a11628f55a4df523b3ef836040518082815260200191505060405180910390a3505056,"0x06fdde03,0x313ce567,0x4ad2b972,0x70a08231,0x95d89b41,0xa9059cbb",False,False,
