token_address,from_address,to_address,value,transaction_hash,log_index,block_number
0xf4eced2f682ce333f96f2d8966c613ded8fc95dd,0x9b22a80d5c7b3374a05b446081f97d0a34079e7f,0xd1220a0cf47c7b9be7a2e6ba89f429762e7b9adb,50000000,0xd628780ba231cefe6a4f6c3da3b683b16f6151dc9753afd8773d3c2d74ac10c8,0,483333
0xf4eced2f682ce333f96f2d8966c613ded8fc95dd,0xd1220a0cf47c7b9be7a2e6ba89f429762e7b9adb,0x15c817923774384362de9a3942287088087bf427,10000000,0x6ed1cf7e5b7eacaf63bde040634eff27b8c1c8f75724fcb734ac870d6ab046ad,0,483342
0xf4eced2f682ce333f96f2d8966c613ded8fc95dd,0x15c817923774384362de9a3942287088087bf427,0xd1220a0cf47c7b9be7a2e6ba89f429762e7b9adb,5000000,0x14e21fc46e2ad9e1e0b9a3cd8b74c326d0ff7f329ee3c8cd26a17be2493cefed,1,483352
0xf4eced2f682ce333f96f2d8966c613ded8fc95dd,0xd1220a0cf47c7b9be7a2e6ba89f429762e7b9adb,0xcda0ad7542e30bf520652a05056ebe0105c7e49a,10000000,0x5bea7acec667ba815637088b00f8369d74fd9008cb6e494ffbb042f55b20d666,0,483390
0xf4eced2f682ce333f96f2d8966c613ded8fc95dd,0x9b22a80d5c7b3374a05b446081f97d0a34079e7f,0x1b63142628311395ceafeea5667e7c9026c862ca,200000,0xa3867d5530469cfa1b048748e53f9736cf959e0b22032c96fe68affa301356fc,0,483909
0xf4eced2f682ce333f96f2d8966c613ded8fc95dd,0x1b63142628311395ceafeea5667e7c9026c862ca,0xac4df82fe37ea2187bc8c011a23d743b4f39019a,100000,0x04cbcb236043d8fb7839e07bbc7f5eed692fb2ca55d897f1101eac3e3ad4fab8,0,483920
0xf4eced2f682ce333f96f2d8966c613ded8fc95dd,0x9b22a80d5c7b3374a05b446081f97d0a34079e7f,0x66f183060253cfbe45beff1e6e7ebbe318c81e56,200000,0xcea6f89720cc1d2f46cc7a935463ae0b99dd5fad9c91bb7357de5421511cee49,1,483920
0xf4eced2f682ce333f96f2d8966c613ded8fc95dd,0xac4df82fe37ea2187bc8c011a23d743b4f39019a,0x1b63142628311395ceafeea5667e7c9026c862ca,50000,0x27fbc13c1d6c54c2c9e65a8328475c0f7af90dd09df90b84e29e18a04c752984,1,483927
0xf4eced2f682ce333f96f2d8966c613ded8fc95dd,0x9b22a80d5c7b3374a05b446081f97d0a34079e7f,0x8975dbc1b8f25ec994815626d070899dda896511,200000,0x4a54eafe7061ef9481431f2c74e8a7e59992cf2584e5b9e59a7bc295707205c3,0,483974
0xf4eced2f682ce333f96f2d8966c613ded8fc95dd,0x9b22a80d5c7b3374a05b446081f97d0a34079e7f,0x253a78891f84310e78969b4751b4bcc1a11db63b,200000,0x46ac1d69744ff5d1b6d6a2d6e491ee5186fe1719789b61faad30711f1e1b88a7,0,484851
0xf4eced2f682ce333f96f2d8966c613ded8fc95dd,0x9b22a80d5c7b3374a05b446081f97d0a34079e7f,0x66c677bc64b81970d22667c417fa6c6910554198,200000,0xd01d8a12732ac11ef8d79562ee509c98fabc54c94efd6ec7ccc34fe612840c31,0,484856
0xf4eced2f682ce333f96f2d8966c613ded8fc95dd,0x9b22a80d5c7b3374a05b446081f97d0a34079e7f,0xe1237d552429cc333ffd3038fc3ba3441d0b7dde,200000,0x677dd13c687d74b3f0886c87c2cc8cbfab6dd3e1146f4368ef5a1fe05acdf42c,1,484856
0xf4eced2f682ce333f96f2d8966c613ded8fc95dd,0x9b22a80d5c7b3374a05b446081f97d0a34079e7f,0x85eac29919f4329f266fce8df7f180b2aab8af1b,200000,0xefdc6bbd9d2adad1b515b5fd8f73b911736ebbcbf53145245f62c19c11f67256,0,484859
0xf4eced2f682ce333f96f2d8966c613ded8fc95dd,0x9b22a80d5c7b3374a05b446081f97d0a34079e7f,0xfec47e609306595925ac4c3b75d2acdf07c2dea7,200000,0xcd3af0a63f84f2d950e2462a2d4e074c707c73eb3d29537a0520b424ad64375e,0,484863
0xf4eced2f682ce333f96f2d8966c613ded8fc95dd,0x9b22a80d5c7b3374a05b446081f97d0a34079e7f,0x3eb4d16b5328c3d3da71f8108e3d9309437667ad,200000,0xae04a5893b228ca7ed897081c0af734b46e106e1de4115c0786b1d746aafdc38,0,484866
0xf4eced2f682ce333f96f2d8966c613ded8fc95dd,0x9b22a80d5c7b3374a05b446081f97d0a34079e7f,0xa14cf6cec1c6aae4b608458f6e14692863a937aa,200000,0x68e105a17d8c20a2436111406d3855c518138da6a376d3a395cb7421ec2b8472,0,484870
0xf4eced2f682ce333f96f2d8966c613ded8fc95dd,0x9b22a80d5c7b3374a05b446081f97d0a34079e7f,0x50b259fb8da1f1a6eaa7b2535c7f1c5449384929,200000,0x6f544526d044ff39e2e41b3eef6f7f31c535867f1da5dcccb4931bce42a40f52,0,484872
0x1130547436810db920fa73681c946fea15e9b758,0xe1237d552429cc333ffd3038fc3ba3441d0b7dde,0x8975dbc1b8f25ec994815626d070899dda896511,100000000000,0x169a40dffad6b42c51d2db74ea5143ad288549700cdcd0de8ca6ba008df888e7,0,484795
0x1130547436810db920fa73681c946fea15e9b758,0xe1237d552429cc333ffd3038fc3ba3441d0b7dde,0x9b22a80d5c7b3374a05b446081f97d0a34079e7f,100000000000,0xd9b5b29231bac5ae0e6c28f2051c8654a800822544bd22a8de5d32f7e0ee5ecf,0,485320
0x1130547436810db920fa73681c946fea15e9b758,0xe1237d552429cc333ffd3038fc3ba3441d0b7dde,0x1fdb174686981ce2f4bb3d911547480403f11fd3,100000000000,0x3f780931d795a09458a722deed35e37180f60e193dfd7615208dfc787b7d9977,0,485324
0x1130547436810db920fa73681c946fea15e9b758,0xe1237d552429cc333ffd3038fc3ba3441d0b7dde,0x66c677bc64b81970d22667c417fa6c6910554198,100000000000,0xf1b38e3c24f2119f6a53e4a36fcd5883bc44c8cd3b3868e0278bd0db20d45282,0,485327
0x1130547436810db920fa73681c946fea15e9b758,0xe1237d552429cc333ffd3038fc3ba3441d0b7dde,0x1130547436810db920fa73681c946fea15e9b758,100000000000,0xab0db13dd0d4adbb87e63b08c50af3ca553b6c56c3cf1329d3dfada87f7e1113,0,485588
0x1130547436810db920fa73681c946fea15e9b758,0xe1237d552429cc333ffd3038fc3ba3441d0b7dde,0x3be2b68667a17ce11da11a044a29371528b45f66,100000000000,0x82891c03c75571f790e5e84e005ce0a27e831fd996bd5991b6920a0a71571af8,0,485590
0x1130547436810db920fa73681c946fea15e9b758,0xe1237d552429cc333ffd3038fc3ba3441d0b7dde,0xfec47e609306595925ac4c3b75d2acdf07c2dea7,100000000000,0x9cc45fb01972ae9a4ff8676e6645bbdca050b234d902ba758b52c9f36603c634,0,485591
0x1130547436810db920fa73681c946fea15e9b758,0xe1237d552429cc333ffd3038fc3ba3441d0b7dde,0x5d310383f283ca8d2b6531485111ff05d84f5a1f,100000000000,0x66dcbeed381be83a61cf8e243d4aff2c6c50701a7b9643b5f66f8cf5ca4b65ae,0,485593
0xdafe447177aefb05dd7edae2f5781c98a858d320,0xd276dfa0b3b30f6f0dd964ce2420194c48579174,0x787613a5efb4ddf24538784f47de25e18ddb0e19,100000,0xbbf4cb63a05927afd922cd16773c573924e7760784ccc42407df01475963e326,0,485642
0xab3652fd492fbb0d6b63acb742f3ed12afbaef52,0x52ff2939dc29cf8fedfd981cbabde2799341bb4b,0xfec47e609306595925ac4c3b75d2acdf07c2dea7,94611,0xf925effd2d7f8ea943f270f64e485331ff102532579d65b6dc163edea4191292,0,485827
0x5f100ebe48ae9c5396dd059dd0d8f4447f12a9e0,0x8394a052eb6c32fb9defcaabc12fcbd8fea0b8a8,0xb48dafc23dc5f232f2e7a35a2d2bb1b4ab02c48a,10000,0x213784793c6cb4645419daacc359da89ab293648a4a49843f988a50b2da9a8d5,1,485827
0x5f100ebe48ae9c5396dd059dd0d8f4447f12a9e0,0x8394a052eb6c32fb9defcaabc12fcbd8fea0b8a8,0x73ee62158b584f0f2b64bc3b3cce0c1c1fc43735,100000,0xe6b37ab89c9fd9dd3b4beec479bb12b153170553586e322e9dec06eec7c10ff0,0,485848
0x1130547436810db920fa73681c946fea15e9b758,0xfec47e609306595925ac4c3b75d2acdf07c2dea7,0x9b22a80d5c7b3374a05b446081f97d0a34079e7f,47110000,0x7dff26138fea415f794918d7ac446397d895d8e233b16076b4cb00c850a6ce7f,1,485883
0xf4eced2f682ce333f96f2d8966c613ded8fc95dd,0x8975dbc1b8f25ec994815626d070899dda896511,0x3d4b30b579a3425190b81ce22225a35de37cdde5,50000,0x38313866c9bca2d468f9079a682a9732ec5feb20616d3721f0114687500e13fc,0,485948
0xf4eced2f682ce333f96f2d8966c613ded8fc95dd,0x9b22a80d5c7b3374a05b446081f97d0a34079e7f,0x3d4b30b579a3425190b81ce22225a35de37cdde5,200000,0x332c64649ce3d954980ea8fa32301c6e58a9a36f6f9b921be21466f49c32e0ef,0,487604
0xf4eced2f682ce333f96f2d8966c613ded8fc95dd,0x9b22a80d5c7b3374a05b446081f97d0a34079e7f,0x5945431bed41a335253d92ec64cdad9ce28be9a6,200000,0x3021e0802c1255d1a1e31b9a5eba9afef96c1758531b95fee57a18ed5bd9232b,0,487608
0xf4eced2f682ce333f96f2d8966c613ded8fc95dd,0x9b22a80d5c7b3374a05b446081f97d0a34079e7f,0x1fdb174686981ce2f4bb3d911547480403f11fd3,200000,0xfcb46e8f287e5cf383b29722688bbd2d9d9ca54567f7fb5d847d38135171125b,0,487610
0xf4eced2f682ce333f96f2d8966c613ded8fc95dd,0x9b22a80d5c7b3374a05b446081f97d0a34079e7f,0x3be2b68667a17ce11da11a044a29371528b45f66,200000,0x9893054e903000a21db5b2b0d66adc7b21a9d349668f7551358e0c8c8855c85c,0,487615
0xf4eced2f682ce333f96f2d8966c613ded8fc95dd,0x9b22a80d5c7b3374a05b446081f97d0a34079e7f,0x5d310383f283ca8d2b6531485111ff05d84f5a1f,200000,0x646c8a5b69dec271608cb894b404b25d9c1da587cda2b84f7e8dce46c47e47a5,0,487616
0xf4eced2f682ce333f96f2d8966c613ded8fc95dd,0x9b22a80d5c7b3374a05b446081f97d0a34079e7f,0x8421b6810a1aee71b0baa38d7e1b5de6f71245d2,200000,0xa83b13b39de6b94e3b06be4059e07290c93fa92945f212689f86763c58003114,0,487617
0xf4eced2f682ce333f96f2d8966c613ded8fc95dd,0x9b22a80d5c7b3374a05b446081f97d0a34079e7f,0xf1d742e6eb78868b83240fb424f0a839f1656366,200000,0x15ffc6b396aef6187eabc2439ae0ec8da1583686eb832ee7edd30fd1d966a6a7,0,487620
0x1130547436810db920fa73681c946fea15e9b758,0xe1237d552429cc333ffd3038fc3ba3441d0b7dde,0x3d4b30b579a3425190b81ce22225a35de37cdde5,100000000000,0xef0d53e87f539c1ef8310a25780e78e26924d7e37f71d0f21c66b62cc337a901,0,487623
0x1130547436810db920fa73681c946fea15e9b758,0xe1237d552429cc333ffd3038fc3ba3441d0b7dde,0xe6381abe8307869bb077d5f6eb342f389b71fe99,100000000000,0x29674d3dff114457b67e24bb592b5342878209e217ca4ca5cf9f9829c38ebf67,0,487624
0x1130547436810db920fa73681c946fea15e9b758,0xe1237d552429cc333ffd3038fc3ba3441d0b7dde,0x86889b1cea13d370e827e099e3778b17d488b3dd,100000000000000,0x728d0ea7151662796b681e67de615886c33ab701d25f54eb67f64e1f049aa543,0,487629
0x1130547436810db920fa73681c946fea15e9b758,0xe1237d552429cc333ffd3038fc3ba3441d0b7dde,0xf71dabf69974434e8c158b34fee9d11961920ae7,100000000000,0x40afea48f6d9270d25eb43d5c1055a328024bba7932eaf5119dd55b06bf55614,1,487629
0x1130547436810db920fa73681c946fea15e9b758,0xe1237d552429cc333ffd3038fc3ba3441d0b7dde,0x3be2b68667a17ce11da11a044a29371528b45f66,100000000000000,0x2010f7e613d47214824bd5c3cfc781453c434f56db96b1d6244f6d4a4d49fb7e,0,488686
0x1130547436810db920fa73681c946fea15e9b758,0xe1237d552429cc333ffd3038fc3ba3441d0b7dde,0x3d4b30b579a3425190b81ce22225a35de37cdde5,100000000000000,0x5e242c788981ab6fc8fab77799985479e1a2b74658a33635ea11129490d30380,0,488872
0x1130547436810db920fa73681c946fea15e9b758,0xe1237d552429cc333ffd3038fc3ba3441d0b7dde,0x85eac29919f4329f266fce8df7f180b2aab8af1b,100000000000,0x95ffed5421bfd513388b45f7227340dcd5f83d29b5f18524896cbed79edbbcc6,0,488984
0x1130547436810db920fa73681c946fea15e9b758,0xe1237d552429cc333ffd3038fc3ba3441d0b7dde,0x19c2206dd4667b565ad66af66582c41d32fb463e,100000000000,0x5a9d6e18b9ab4d985f84b5a5ac57fb50105bfe57cdd2a6e1b92046ce659740d1,0,488985
0x1130547436810db920fa73681c946fea15e9b758,0xe1237d552429cc333ffd3038fc3ba3441d0b7dde,0x477a5e1ab6d8939633b90d5f0feee115b0ccafad,100000000000,0x61d296d22bab55c074f312b4eb8da6c07a11614ab97d6ab5c17857a825627f30,0,488986
0xab3652fd492fbb0d6b63acb742f3ed12afbaef52,0x52ff2939dc29cf8fedfd981cbabde2799341bb4b,0x7d59e9868c58f96f6d54d9090eb42f812d929635,471100,0xf7c82b7d6d43b87d7b71cbf9fff921f0828395f6a1f0e2cc12c2d4dcc14484f4,0,490452
0x1130547436810db920fa73681c946fea15e9b758,0x3be2b68667a17ce11da11a044a29371528b45f66,0xa72cd306bd6bc58922dcfed48cb1474f323860a9,10100000000000,0xec8ccf575d375c3b046bf52304a93110af893669ee2f05ecf2fcdca1dd5bd3cd,0,491355
0xf4eced2f682ce333f96f2d8966c613ded8fc95dd,0x3be2b68667a17ce11da11a044a29371528b45f66,0xa72cd306bd6bc58922dcfed48cb1474f323860a9,200000,0x473ebfad3227c33eb5d2382cbcae0ff333a5106baf8c5852bb94c07fbcfd71e2,0,491360
0xf4eced2f682ce333f96f2d8966c613ded8fc95dd,0x9b22a80d5c7b3374a05b446081f97d0a34079e7f,0x66c677bc64b81970d22667c417fa6c6910554198,10000000,0xe1387a5d58a7d2e399ab22eb5a12dd347901024dc4ed67a4e80ff7d68e1c3172,0,492574
0x1130547436810db920fa73681c946fea15e9b758,0xe1237d552429cc333ffd3038fc3ba3441d0b7dde,0x80447d3de3cf10957ed52eedb7823bdaca2cec0b,100000000000000,0xee3b3f1c60ce423ca1415d7519d509ce7c3b49b4ead32d58f47982448e562d25,0,492472
0x1130547436810db920fa73681c946fea15e9b758,0xe1237d552429cc333ffd3038fc3ba3441d0b7dde,0x1a47a751205705b7295e9ccf10215b7b114888c2,100000000000000,0xa30c9a76fa83a354628a15c35624e0ade5e7dd9db9d39b54e9e0553fa1344ffe,0,492475
0xf4eced2f682ce333f96f2d8966c613ded8fc95dd,0x66c677bc64b81970d22667c417fa6c6910554198,0x85eac29919f4329f266fce8df7f180b2aab8af1b,200000,0x53b5da5276a3273360a674606abf06ee4bfa0d333c474f3ccfd8cc1689d07e1e,1,494015
0xf4eced2f682ce333f96f2d8966c613ded8fc95dd,0x66c677bc64b81970d22667c417fa6c6910554198,0x8975dbc1b8f25ec994815626d070899dda896511,200000,0xf017fa08282fadcd71ad5cbdef3b5797029f3ca8f9881b17c0ffd95bafef8a57,1,494019
0x1130547436810db920fa73681c946fea15e9b758,0xe1237d552429cc333ffd3038fc3ba3441d0b7dde,0x1130547436810db920fa73681c946fea15e9b758,100000000000000,0x310b579ddd4f77c77553d6633c7b0ca3ee8557123e3b674f7864cbbd6ba14974,0,494065
0x1130547436810db920fa73681c946fea15e9b758,0xe1237d552429cc333ffd3038fc3ba3441d0b7dde,0x9573b58842b9dfe3d8f79817dfb6b5d77f9e4c1c,100000000000000,0x21bebb01da85ac5644151036462041110c63a838bd5460df7c1afce3fa4161a1,0,494937
0x1130547436810db920fa73681c946fea15e9b758,0xe1237d552429cc333ffd3038fc3ba3441d0b7dde,0x713b61b15c217ae935540b07842c8f44e6cd243b,100000000000000,0x48be6bfd37d0ebcb9e240352c3741552a4aca21b7d0626975824d292b61450e3,0,494938
0x2df8f1448e50fc36969048beea636d5a7cc71c64,0xd9278954d1b60ee7844d8e9630dd4234afbebe5a,0x7b4a5f30f212002eb8d528925ac5d69217a459f0,100000000000,0x7c471fda17772b14e10a53a4c452ac3c99fc91591e3af369fc8abe3a09041b25,0,496002
0x2df8f1448e50fc36969048beea636d5a7cc71c64,0xd9278954d1b60ee7844d8e9630dd4234afbebe5a,0x66605d1bf87692b8f0119f8600a946850f176023,1000000000,0x6f53fe776dbaeaecb02c02bbe3e9427557ad9b716c3bdb545ffc3a5eb0b926f0,0,495956
